author,date,desc,link,press,title
"
        강민경(kmk@yna.co.kr)
    ",2022.03.17. 오전 10:43,"
	,
	,

,
,
	
	,(서울=연합뉴스) 강민경 기자 = 정의당은 17일 당내 '갑질' 의혹으로 사퇴한 강민진 전 청년정의당 대표에 대한 진상조사위원회를 연다고 밝혔다.,    '강 전 대표에 의한 직장내 괴롭힘 의혹 진상조사위원장'을 맡은 박인숙 부대표는 이날 대표단회의에서 ""오늘 대표단회의에서는 외부 전문가 3인 포함한 5명의 진상조사위원회를 승인했다""고 설명했다.,    박 부대표는 ""오늘 11시에 바로 1차 진상조사위원회를 개최할 예정""이라며 ""엄정하게 조사하여 피해 진실을 규명하겠다""고 했다.,    이어 ""그 과정에서 책임이 드러나면 책임을 엄중하게 묻고 피해자가 피해를 회복할 수 있도록 빠른 대책을 추진하겠다""고 약속했다.,    청년정의당 당직자 일부는 지난 14일 단체대화방을 통해 강 대표의 직장 내 괴롭힘 의혹을 폭로한 것으로 알려졌다.,    강 전 대표는 15일 ""평당원 신분으로 돌아가 당 발전을 위해 복무하겠다""며 사퇴했다.,    kmk@yna.co.kr,
	,
	",https://news.naver.com/main/read.naver?mode=LS2D&mid=shm&sid1=100&sid2=265&oid=001&aid=0013056341,연합뉴스,"정의 ""강민진 '당내 갑질 의혹' 진상조사위 개최…엄중 책임"""
"
        박경준(kjpark@yna.co.kr)
    ",,"
	,
	,

,
,
	
	,(서울=연합뉴스) 박경준 기자 = 윤석열 대통령 당선인 측이 집무실 이전 이유 중 하나로 '현재의 청와대 내 집무실과 비서동 간 사이가 멀다'는 점을 거론하자 탁현민 청와대 의전비서관이 이는 사실과 다르다고 반박했다. ,    탁 비서관은 17일 페이스북에 글을 올려 ""대통령 집무실을 비서동으로 옮긴 지 5년이 됐다""고 설명했다. ,    이어 ""제가 조금 전에 (집무실에서 비서동 사이의) 이동 시간을 확인했는데 뛰어가면 30초, 걸어가면 57초로서 상당한 시간이 소요됩니다. 헉헉""이라고 적었다.,    김은혜 당선인 대변인이 이날 오전 브리핑에서 집무실 이전의 필요성에 대해 ""비서동에서 대통령 집무실까지 이동하는 데 상당한 시간이 소요된다""고 하자 이를 듣고 직접 이동 시간을 재봤다는 것이다.,    청와대 본관에 있는 대통령 집무실은 비서동과 다소 거리가 있지만, 문 대통령이 취임 직후부터 쓰고 있는 비서동의 집무실은 여타 참모의 업무 공간과 매우 가까이 있다는 뜻이다.,    청와대는 최근 윤 당선인 측의 집무실 이전 공약에 에둘러 문제를 제기하고 있다.,    박수현 국민소통수석은 전날 KBS 라디오에 나와 ""대통령이 찾으면 1분 안에 (참모들이) 대통령을 볼 수 있다""라고도 했다.,    kjpark@yna.co.kr,
	,
	",https://news.naver.com/main/read.naver?mode=LS2D&mid=shm&sid1=100&sid2=264&oid=001&aid=0013056328,,"탁현민 ""비서동에서 대통령 집무실까지 뛰면 30초, 걸으면 57초"""
"
        이정필 기자(roman@newsis.com)
    ",2022.03.17. 오전 10:41,"
	,
	,

,
,
	
	,[서울=뉴시스] 이정필 기자 = 토스증권은 4월 국내 증권사 중 처음으로 실시간 해외 소수점 거래 서비스를 시작한다고 17일 밝혔다.,회사에 따르면 해외 소수점 거래 서비스는 토스증권에서 제공하는 2700여개의 미국 주식과 상장지수펀드(ETF)와 상장지수증권(ETN) 등을 대상으로 한다. 1000원부터 투자금액을 입력해 구매할 수 있다. 아마존, 구글(알파벳) 등 1주당 가격이 높은 주식들에 소액 분산투자가 가능해져 투자 접근성이 확대될 전망이다.,토스증권의 해외 소수점 거래 서비스는 고객의 주문 시점의 가격으로 즉시 체결되는 것이 특징이다. 투자자들은 1주 단위로 주식을 거래할 때와 동일하게 실시간으로 소수점 주식을 사고 팔 수 있다. 이는 국내 증권사 중 처음 선보이는 방식이란 설명이다.,소수점 주문은 시장가 거래만 가능하다. 지정가 주문은 제공되지 않는다. ,소수점 거래는 1주 미만의 주식을 소수 단위로 매매할 수 있는 서비스다. 지금까지 해외 소수점 거래는 증권사가 일정 주기로 고객들의 소수점 주문을 모으고, 이를 온주(1주)로 만들어 매매하는 구조로 진행돼 왔다. 투자자들은 주문 시점에 실제로 체결될 주식 수량과 가격을 예상할 수 없고, 시장이 급변하는 상황에 빠르게 대응할 수 없는 불편을 겪어왔다.,토스증권은 지난해 12월 해외주식 서비스를 시작하고 3개월 만에 100만명 이상의 투자자를 모으며 빠르게 성장하고 있다.,토스증권 관계자는 ""기존 해외 소수점 거래의 구조적인 문제와 고객 불편을 해소하면서 투자자들에게 가장 빠른 소수점 거래 서비스를 선보일 수 있게 됐다""며 ""해외 소수점 투자로 더 많은 투자자들이 미국의 우량 주식을 손쉽게 경험하고 해외투자가 대중화될 수 있기를 기대한다""고 말했다., 
	,
	",https://news.naver.com/main/read.naver?mode=LS2D&mid=shm&sid1=101&sid2=258&oid=003&aid=0011067329,뉴시스,"토스증권, 4월 실시간 해외 소수점거래 개시"
"
        김경호 기자 stillcut@segye.com
    ",2022.03.17. 오전 10:37,"
	,
	,

,
,
	
	,   ,  2017년 대륙간탄도미사일(ICBM)을 시험발사한 북한이 조만간 다시 시험발사할 조짐을 보이고 있다고 미 워싱턴포스트(WP)가 16일(현지시간) 보도했다.,   ,  북한은 16일 탄도미사일로 의심되는 미사일을 시험발사했으나 고도 20km에 미치지 못하고 폭발해 실패했다.,   ,  한편 한국은 이달중 고체 우주로켓을 시험할 계획이다. 이는 북한을 감시하기 위한 군사위성 개발 과정의 일환이다. 또 오는 4월 북한이 “적대행위”로 간주하는 한미합동군사연습이 예정돼 있다.,   ,  한국 대통령 당선자가 북한에 보다 강경한 입장을 취하는 가운데 앞으로 몇 달 동안 미국이 러시아의 우크라이나 침공에 집중함에 따라 다른 곳에 보낼 자원이 줄어든 상황에서 남북관계가 순탄치 않을 전망이다.,   ,  한국 당국자들은 북한의 ICBM 개발 성공이 임박했다고 경고하고 있으며 미 당국자들은 북한이 지난 27일과 5일에 발사한 탄도미사일 시험에 대해 우려하고 있다. 새로운 대형 ICBM 발사에 앞서 미사일 시스템의 일부를 시험하는 것이 분명하다는 것이다. 북한은 두 차례의 시험발사를 위성발사를 위한 것이라고 밝혔었다.,   ,  16일 오전 북한은 평양 인근 순안비행장에서 탄도미사일로 보이는 발사체를 발사했다. 최근 두 차례의 시험 발사도 이곳에서 이뤄졌다.,   ,  미 스탠포드대 국제안보 및 협력 센터 멜리사 핸험 연구원은 “북한의 최근 우주 발사체 발사에 대해 수많은 전문가들이 신형 ICBM을 시험하는 것으로 의심한다. ICBM 시험이라고 밝히지 않음으로써 정치적 부담을 회피하려는 것”이라고 말했다. 그는 “한국, 미국, 일본의 안보 위협을 두려워하는 북한이 ICBM과 핵프로그램으로 체제변화와 원치않는 통일을 막을 수 있다고 생각한다”고 덧붙였다.,   ,  지난해 가을부터 북한은 김정은이 제시한 국방력 강화 5개년 계획에 맞춰 집중적으로 미사일을 시험 발사해왔다. 지난 2월 북한은 미국이 미사일 시험발사에 대해 새로 제재를 부과하자 핵실험 및 장거리 무기 시험 유예를 중단할 것이라고 시사했었다.,   ,  올해 김씨 일가는 김일성 생일 110주년, 김정일 생일 80주년, 김정은 권력 승계 10주년을 맞았다. 이에 따라 김정은은 국내적으로 성과를 보여줄 필요성이 커보인다. 그러나 북한은 오랜 경제제재에 더해 코로나 팬데믹으로 자체로 국경을 봉쇄함으로써 경제가 악화해 달리 내보일 만한 성과가 없다.,   ,  아산정책연구소 차두현 연구원은 “장기 경제제재 아래 북한은 체제 유지가 갈수록 어려워지면서 절박하게 출구를 찾고 있다. 북한은 ICBM 발사로 미국을 위협해 우크라이나에 외교적으로 집중해 여력이 없는 바이든 대통령으로부터 양보를 얻어내려 한다”고 말했다.,   ,  한미 당국자들은 지난 27일과 5일의 탄도미사일 시험 발사가 지난 2020년 열병식에서 선보였던 신형 화성-17형 ICBM과 관련된 것으로 보고 있다.,   ,  화성-17형 ICBM은 아직 시험발사한 적이 없으며 시험발사했던 단탄두 화성-15형보다 길이와 직경이 크다. 핸험 연구원은 “북한이 다탄두 미사일을 미 본토에 발사하는 것을 목표로 삼고 있다고 본다”면서 미국의 미사일 방어시스템을 무력화하기 위한 것이라고 강조했다.,
	,
	",https://news.naver.com/main/read.naver?mode=LS2D&mid=shm&sid1=100&sid2=268&oid=022&aid=0003676941,세계일보,"WP, 北 ICBM 조만간 시험발사할 조짐"
"
        성동훈 기자(zenism)
    ",2022.03.17. 오전 10:40,"
	,
	,

,
,
	
	,(용인=뉴스1) 성동훈 기자 = 김부겸 국무총리가 16일 오전 경기도 용인 이마트 죽전점에서 열린 이마트 카페마을 1호점 개소식에서 분리이동형 전동침대를 살펴보고 있다. 2022.3.17/뉴스1
	,
	",https://news.naver.com/main/read.naver?mode=LS2D&mid=shm&sid1=100&sid2=266&oid=421&aid=0005973861,뉴스1,어르신 분리이동 전동침대 살펴보는 김부겸 총리
"
        권안나 기자(mymmnr@newsis.com)
    ",2022.03.17. 오전 10:41,"
	,
	,

,
,
	
	,[서울=뉴시스]권안나 기자 = 에듀윌 ESG위원회가 취약계층 아동 및 청소년들의 학습격차 해소를 위해 실시한 온라인 교육 지원이 시작됐다. ,에듀윌은 지난달부터 400여명의 아동 및 청소년들이 자사가 지원하는 온라인 교육을 받기 시작했다고 17일 밝혔다.,이번 교육에는 네이버 해피빈을 통해 지역아동센터 및 복지관 소속의 아동들이 다수 신청했다. 초록우산어린이재단과 한국미혼모가족협회의 참여 하에 많은 아동들이 지원을 받게 됐다. ,해당 아동들은 1년간 수학 인강 또는 에듀윌의 중졸 및 고졸 검정고시 인강을 수강하게 된다.,초록우산어린이재단을 통해 온라인 교육을 지원받게 된 한 아동은 ""재밌는 수학을 배웠어요. 엄마랑 함께 매일 매일 하기로 약속했어요. 선물주셔서 감사합니다""라는 감사 편지를 보내왔다. ,또 다른 아동은 ""제가 제일 좋아하는 수학을 배울 수 있게 도와주셔서 감사합니다. 열심히 공부하겠습니다""라는 다짐을 전하기도 했다.,에듀윌 ESG위원회 관계자는 ""코로나가 장기화 됨에 따라 점점 커지는 학습격차를 좁히는데 조금이라도 힘을 보태고자 취약계층 학생들에게 온라인교육 지원을 하게 됐다""면서 ""우리 학생들이 1년간 열심히 공부해서 실력 향상에 많은 도움이 되기를 바란다""고 말했다.,이번 온라인 교육 수강권 및 교재 지원은 회사와 직원이 매칭그랜트 방식으로 조성하는 에듀윌 '임직원 나눔펀드' 모금액에 에듀윌 검정고시 수강권과 교재를 추가로 지원해 마련했다.,한편 에듀윌은 2009년부터 매년 법무부 산하 전국 보호관찰 청소년을 대상으로 검정고시 수강권과 교재를 무상으로 지원해 오고 있다. 매달 쌀 100포대를 전국의 복지관이나 지역아동센터에 기증하고, 장학재단을 운영하며 아동 및 청소년들의 끼니 해결 및 교육 지원에 앞장서 왔다., 
	,
	",https://news.naver.com/main/read.naver?mode=LS2D&mid=shm&sid1=101&sid2=261&oid=003&aid=0011067330,뉴시스,"에듀윌, 취약계층 아동 400여명 온라인교육 수강 시작"
"
        강상원(won3191@edaily.co.kr)
    ",2022.03.17. 오전 10:43,"
	,
	,

,
,
	
	,캐서린 타이 미국 무역대표부(USTR) 대표가 한국산 철강의 대미 수출 물량 제한에 대한 한미 간 협상에 대해 부정적인 입장을 거듭 밝혔습니다.,타이 대표는 현지시간으로 16일 “철강과 알루미늄 수입 관세 조치의 혜택 측면에서 한국은 실제로 관세 혜택을 확보한 최초의 국가 중 하나”라고 말했습니다.,한국은 이미 대미 수출에서 혜택을 보고 있기 때문에 당장 추가 협상이 필요하지 않다는 의미로 해석됩니다.,유럽산 및 일본산 철강제품의 대미 수출조건이 개선되면서 한국의 수출 경쟁력이 약화할 것이란 위기감이 커지고 있지만 미국 측은 이에 소극적인 태도로 일관하고 있습니다. ,
	,
	",https://news.naver.com/main/read.naver?mode=LS2D&mid=shm&sid1=100&sid2=267&oid=018&aid=0005168786,이데일리,"(영상)韓 철강, 대미 수출 이미 혜택”…美, USTR 재협상에 ‘부정적’"
"
        정지성 기자(jsjs19@hanmail.net)
    ",2022.03.17. 오전 10:43,"
	,
	,

,
,
	
	, 서울바이오시스가 개발한 UV LED 공청 살균기가 공기중 바이러스 전파를 막는데 뛰어난 효과를 보인 것으로 나타났다. ,글로벌 광반도체 전문기업 서울바이오시스는 UV LED 살균 설루션 기술 '바이오레즈'가 적용된 공청 살균기를 무상 제공받은 사업장 300곳을 대상으로 한 전화 설문 결과, 매장 내 바이러스 전파 감염이 없는 것으로 조사됐다고 17일 밝혔다. ,서울바이오시스는 국내 가전기업 에프디시스(FDSYS)와 10억원의 개발 비용을 투자해 바이오레즈 기술이 적용된 '공청 살균기'를 개발했다. 이후 지난해 11월 코로나로 어려움을 겪고 있는 소상공인들을 위해 추첨을 통해 최종 300곳을 선정해 무상으로 공청 살균기를 제공했다.  ,서울바이오시스는 고려대학교 및 공인 연구기관과의 실험을 통해 바이오레즈 기술이 박테리아는 물론 델타형 변이 바이러스, 오미크론을 1초 만에 99% 이상 살균할 수 있다는 실험 결과를 확인했다. 이어 이 회사의 바이오 연구팀에서는 바이오레즈 기술이 적용된 '공청 살균기'를 이용할 경우 실내 감염 확률을 30분의 1로 낮출 수 있다는 연구 데이터를 연이어 발표한 바 있다.,
	,
	",https://news.naver.com/main/read.naver?mode=LS2D&mid=shm&sid1=101&sid2=771&oid=009&aid=0004935948,매일경제,"서울바이오시스 '공청 살균기' 설치한 300곳 사업장, 바이러스 전파 없었다"
"
        강민경(kmk@yna.co.kr)
    ",2022.03.17. 오전 10:43,"
	,
	,

,
,
	
	,(서울=연합뉴스) 강민경 기자 = 정의당은 17일 당내 '갑질' 의혹으로 사퇴한 강민진 전 청년정의당 대표에 대한 진상조사위원회를 연다고 밝혔다.,    '강 전 대표에 의한 직장내 괴롭힘 의혹 진상조사위원장'을 맡은 박인숙 부대표는 이날 대표단회의에서 ""오늘 대표단회의에서는 외부 전문가 3인 포함한 5명의 진상조사위원회를 승인했다""고 설명했다.,    박 부대표는 ""오늘 11시에 바로 1차 진상조사위원회를 개최할 예정""이라며 ""엄정하게 조사하여 피해 진실을 규명하겠다""고 했다.,    이어 ""그 과정에서 책임이 드러나면 책임을 엄중하게 묻고 피해자가 피해를 회복할 수 있도록 빠른 대책을 추진하겠다""고 약속했다.,    청년정의당 당직자 일부는 지난 14일 단체대화방을 통해 강 대표의 직장 내 괴롭힘 의혹을 폭로한 것으로 알려졌다.,    강 전 대표는 15일 ""평당원 신분으로 돌아가 당 발전을 위해 복무하겠다""며 사퇴했다.,    kmk@yna.co.kr,
	,
	",https://news.naver.com/main/read.naver?mode=LS2D&mid=shm&sid1=100&sid2=269&oid=001&aid=0013056341,연합뉴스,"정의 ""강민진 '당내 갑질 의혹' 진상조사위 개최…엄중 책임"""
"
        홍헌표 기자 hphong@wowtv.co.kr
    ",2022.03.17. 오전 10:42,"
	,
	,

,
,
	
	,DL이앤씨가 탄소중립의 핵심으로 평가 받고 있는 탄소 포집 및 활용, 저장(CCUS) 사업 가치사슬 전반에 걸쳐서 종합적인 솔루션(Solution)을 제공하는 회사로 성장하기 위한 청사진을 공개했다.,DL이앤씨는 CCUS 사업의 탁월한 기술 경쟁력과 경험을 발판으로 고객들에게 탄소중립과 ESG 비전을 실현할 수 있는 맞춤형 솔루션을 제공하는 강력한 조력자로 나설 계획이다.,국내 뿐만 아니라 호주, 북미, 중동, 유럽 등에서 글로벌 탄소 비즈니스를 확대할 계획이다. 더불어 포집한 탄소를 건자재 등으로 재활용하거나 폐유전이나 폐가스전에 저장하는 사업까지 운영할 수 있는 지속성장 모델을 구축해 전 세계를 무대로 K-CCUS 산업의 주역으로 활약한다는 전략이다.,DL이앤씨는 탄소 포집 EPC 분야에서 올해부터 2024년까지 국내외 누적 수주 1조원 달성 및 글로벌 시장 공략을 통해 2025년~2027년까지 연간 1조 원 수준의 수주 규모를 꾸준히 유지하고, 이후 2030년까지 매년 2조 원까지 수주를 확대할 계획이다.,CCUS는 배출된 탄소를 저장하거나 고부가가치 제품으로 전환하는 친환경 기술로 다른 탄소 감축 방법에 비해 중·단기적인 관점에서 가장 확실하고 현실적인 대안으로 평가받고 있다.,DL이앤씨는 탄소 포집 플랜트를 상용화한 경험과 세계 최대인 연간 100만톤 규모의 탄소를 포집할 수 있는 플랜트 설계 능력을 기반으로 다양한 사업을 진행하고 있다.,최근 DL이앤씨는 포집한 탄소를 건설자재, 석유화학 소재 등 고부가가치 제품으로 전환해 활용할 수 있는 핵심기술 개발에 힘을 쏟고 있다. 이를 위해서 한국지질자원연구원 탄소광물플래그십 사업단과 탄소광물화 원천기술 상용화를 위한 실증플랜트 구축을 추진중이다.,유재호 DL이앤씨 플랜트사업본부장은 “탄소중립 실현은 기후위기 극복과 기업의 지속성장을 위한 시대적 과제”라며, “차별화된 CCUS 기술력과 다양한 사업경험을 바탕으로 고객들에게 탄소포집 뿐 아니라 활용, 저장 분야에서 현실적인 해결책을 제시하는 CCUS 토털 솔루션 프로바이더로 도약할 것”이라고 말했다.,
	,
	",https://news.naver.com/main/read.naver?mode=LS2D&mid=shm&sid1=101&sid2=260&oid=215&aid=0001020294,한국경제TV,"DL이앤씨, 탄소포집 사업 청사진 공개"
"
        한광덕 기자 kdhan@hani.co.kr
    ",2022.03.17. 오전 10:43,"
	,
	,

,
,
	
	,  미국 통화정책의 불확실성이 걷히면서 금융시장이 일단 안정세를 찾았다., 17일 코스피는 오전 10시20분 현재 1.81%(48.2) 오른 2707.35를 기록 중이다. 코스피가 장중 2700선을 회복한 건 지난 4일 이후 8거래일만이다. 외국인이 9거래일만에 순매수로 돌아서 940억원어치의 주식을 사들이고 있다. 코스닥지수도 2.15%(19.14) 오른 910.96에서 움직여 8거래일만에 장중 900선을 회복했다. 원화는 달러당 1220원대로 내려왔다. 서울외환시장에서 원-달러 환율은 11.5원 급락(원화가치 급등)한 1224.2원을 기록 중이다., 앞서 미국 연방준비제도(연준)는 통화정책 정례회의를 열어 기준금리를 종전 0.00∼0.25%에서 0.25∼0.50%로 0.25%포인트 인상한다고 밝혔다. 연준 위원들의 향후 금리 전망을 담은 점도표를 통해 본 올해 말 미국의 기준금리는 1.875% 수준이다. 올해 남은 6차례 회의마다 0.25%포인트씩 인상할 것이라는 의미다. 제롬 파월 연준 의장은 오는 5월부터 자산축소(양적 긴축)를 시작할 수 있다고 언급했다. 시장의 예상에 크게 벗어나지 않는 수준에 그치면서 불확실성이 해소됐다는 평가에 따라 위험자산 선호 심리가 회복했다. 파월 의장이 기자회견에서 경기에 대한 자신감을 표명한데다, 러시아와 우크라이나 간 휴전 가능성, 국제 유가 하락 등도 증시 상승세를 뒷받침했다. 뉴욕증시에서는 나스닥지수가 3.77% 급등하는 등 3대 지수가 일제히 상승했다.,
	,
	",https://news.naver.com/main/read.naver?mode=LS2D&mid=shm&sid1=101&sid2=259&oid=028&aid=0002583161,한겨레,미 예상범위의 긴축…코스피 장중 2700선 회복
"
        대니얼 오 기자 danieloh@wowtv.co.kr
    ",2022.03.17. 오전 10:38,"
	,
	,

,
,
	
	,지난 6거래일 동안 문을 닫았던 런던금속거래소(LME)가 니켈 거래를 다시 시작했다.,16일(현지시간) 블룸버그통신에 따르면 이날 오전 8시부터 시작된 니켈 거래는 재개된지 불과 수 초 만에 하루 제한폭인 5%가 하락하자 다시 거래가 중단됐다.,런던금속거래소는 현재 니켈 가격 급락 문제를 조사하기 위해 전자 거래를 중단했으며 몇 건의 거래도 취소할 것이라고 밝혔다.,블룸버그는 ""니켈 가격의 급락은 지난 주 역사적인 단기 압박이 완화되고 있다는 신호""라며 ""런던금속거래소와 상하이선물거래소의 니켈 거래량 격차도 줄였다""고 진단했다.,앞서 지난주 이틀 동안 니켈 가격이 250% 급등 및 톤당 10만달러를 돌파하자, 런던금속거래소는 8일 거래 중단을 선언하고 니켈과 다른 금속 가격의 가격 변동폭을 상하 5%로 제한하는 조치를 마련하고 이날 거래를 재개했다.,
	,
	",https://news.naver.com/main/read.naver?mode=LS2D&mid=shm&sid1=101&sid2=262&oid=215&aid=0001020292,한국경제TV,"런던금속거래소, 니켈 거래 6일만에 재개...시스템 문제로 일시중단"
"
        이나영 기자 (ny4030@dailian.co.kr)
    ",2022.03.17. 오전 10:43,"
	,
	,

,
,
	
	,[데일리안 = 이나영 기자] 아모레퍼시픽은 ‘2022 레드닷 디자인 어워드(Red Dot Design Award)’ 제품 디자인 부문 본상을 받았다고 17일 밝혔다.,이번에 수상한 제품은 ‘플레시아 키즈 칫솔’, ‘프로젝트 아모레 리필 컨테이너-다시 채움’, ‘한율 빨간쌀 진액 스킨 리미티드 에디션’ 총 세 개다.,플레시아 키즈 칫솔은 칫솔질을 막 시작하는 3~5세 유아의 양치질을 관찰해 만든 유아 맞춤형 칫솔이다. 안전한 양치질을 위해 말랑한 재질의 특수 칫솔대와 헤드를 사용했다.유아들이 양치에 흥미를 가지고 올바른 습관을 들일 수 있도록 도와주는 제품이다.,프로젝트 아모레 리필 컨테이너-다시 채움은 아모레퍼시픽이 개발한 스킨케어 화장품 리필 용기다. 리필 용기를 세척해 여러 번 다시 활용할 수 있으며, 플라스틱 사용을 줄이기 위해 기획했다.,한율 빨간쌀 진액 스킨 리미티드 에디션 디자인은 발효의 순간을 섬세하게 전달해 한율의 브랜드 철학과 진정성을 담았다.
	,
	",https://news.naver.com/main/read.naver?mode=LS2D&mid=shm&sid1=101&sid2=310&oid=119&aid=0002585895,데일리안,"아모레퍼시픽, 레드닷 디자인 어워드 3개 제품 수상"
"
        정회성(hs@yna.co.kr)
    ",2022.03.17. 오전 10:43,"
	,
	,

,
,
	
	,    (광주=연합뉴스) 정회성 기자 = 광주 화정아이파크 시공사인 HDC 현대산업개발의 관계자들이 17일 오전 질문하는 기자를 지나치며 광주지방법원에서 열린 구속 전 피의자 심문(영장실질심사)에 출석하고 있다. 이들은 두 달 전 건설노동자 6명이 숨지고 1명이 다친 화정아이파크 붕괴사고 현장의 책임자들이다. 업무상 과실치사상, 건축법 위반 등 혐의로 경찰 수사를 받고 있다. 2022.3.17 ,    hs@yna.co.kr,
	,
	",https://news.naver.com/main/read.naver?mode=LS2D&mid=shm&sid1=101&sid2=263&oid=001&aid=0013056344,연합뉴스,광주 붕괴사고 2달 만에…현산 관계자들 영장실질심사 출석
"
        이동원 기자(newskija@news1.kr)
    ",2022.03.17. 오전 10:42,"
	,
	,

,
,
	
	,(서울=뉴스1) 이동원 기자 = 박근혜 정부 시절 국가정보원으로부터 특수활동비를 불법 수수한 혐의로 수감 중인 최경환 전 경제부총리 겸 기획재정부 장관(67)이 17일 오전 가석방으로 풀려났다.,국회의원 4선을 한 최 전 부총리의 석방 소식에 국민의힘 몇몇의원과 지역구인 경북 경산시와 청도군 지지자들은 이날 새벽 상경해 안양교도소앞에서 그를 맞이했다.,최 전 부총리는 2014년 10월23일 부총리 집무실에서 이헌수 당시 국정원 기조실장으로부터 현금 1억원을 받은 혐의로 기소돼 2019년 징역 5년형이 확정됐다. 구속수감된 2018년 1월 기준으로 형기의 80% 이상을 채워 가석방 요건을 채웠다. ,한편 이번 가석방 대상자에서 남재준·이병기·이병호 등 전직 국정원장은 빠진 것으로 알려졌다.,법무부는 이날 3월 1차 정기 가석방에서 모범수형자 등 총 735명을 석방했다. 코로나19 오미크론 변이 확산에 따라 교정시설의 과밀환경을 해소하기 위해 30일 한 차례 더 가석방을 실시할 예정이다.,
	,
	",https://news.naver.com/main/read.naver?mode=LS2D&mid=shm&sid1=102&sid2=249&oid=421&aid=0005973865,뉴스1,[뉴스1 PICK]'친박 핵심' 최경환 4년만에 출소
"
        구미현 기자(gorgeouskoo@newsis.com)
    ",2022.03.17. 오전 10:41,"
	,
	,

,
,
	
	,[울산=뉴시스]구미현 기자 = 울산시교육청은 학교 내 오미크론 변이 바이러스 감염 확산 차단을 위해 교직원 대상 고정형 유전자증폭(PCR)검사소를 운영한다고 17일 밝혔다. ,시교육청에 따르면 전날 오전 8시부터 이날 오전 8시까지 교직원 149명이 코로나19 확진 판정을 받았다. 지난 11일 부터 이날까지 일주일동안 총 1020명의 교직원이 확진됐다. 일 평균 145.7명이 확진된 셈이다. ,이에 울산교육청은 검사를 위해 전문의료기관에 위탁, 교육청 야외공연장에 검사소를 설치한다.,검사대상은 교직원 중 학교·기관 내 확진자 발생에 따른 자체 조사 결과 접촉자와 발열, 기침, 인후통 등 의심증상자 등이다. 검사 희망자는 교직원임을 확인할 수 있는 신분증 등을 지참해 검사소를 방문해야 한다.,검사결과는 익일 7시 전후 검사자에게 일괄 문자로 안내해 출근 여부 결정 등에 신속하게 대응할 수 있도록 한다. ,울산교육청은 내달 선별검사의 효율 및 효용성을 높이기 위해 학교로 찾아가는 이동형 검체팀 운영에서 권역별 3~4곳에 고정형 검사소를 설치해 보다 많은 학생과 교직원이 활용할 수 있도록 검토 중이라고 밝혔다. ,한편 울산시교육청은 지난 4일부터 이동형 유전자증폭 검사를 진행하고 있으며, 16일까지 29개교 학생과 교직원 3263명이 검사를 받았다. ,울산교육청은 코로나19 등의 영향으로 등교하지 못하는 학생의 학습결손을 예방하고자 대체학습을 적극적으로 지원한다.  ,등교 중지 대상 학생에게는 담임교사가 등교중지 기간 중 출결 처리, 대체 학습 방법 등을 안내한 뒤 맞춤형 대체학습을 제공하고, 학습 내용을 점검하면서 학습·심리 상담도 병행하고 있다.,대체학습은 학교, 학년, 학급, 학생의 여건에 따라 실시간 쌍방향 수업, 온라인 콘텐츠 제공, 학습꾸러미 제공, 과제형, 혼합형 등의 유형을 제공한다.,학생이 다시 등교하면 등교 중지 기간 학습 이력과 수준을 파악해 보충학습과 과제등으로 자가격리 해제 후에는 과목별 맞춤형 보충지도를 받을 수 있도록 한다.,시교육청은 대체학습 운영상황을 모니터링하고 컨설팅을 통해 만족도를 높일 계획이다., 
	,
	",https://news.naver.com/main/read.naver?mode=LS2D&mid=shm&sid1=102&sid2=250&oid=003&aid=0011067328,뉴시스,"울산교육청, 교직원 대상 PCR 검사소 확대…감염 확산 차단"
"
        박정헌(home1223@yna.co.kr)
    ",2022.03.17. 오전 10:36,"
	,
	,

,
,
	
	,(함안=연합뉴스) 박정헌 기자 = 경남 함안에서 작업 중이던 60대 노동자가 철판에 깔려 숨지는 사고가 발생해 경찰이 수사에 나섰다.,    17일 함안경찰서에 따르면 지난 16일 오후 2시께 함안 한 제조업 공장에서 60대 A씨가 1.2t 무게 철판에 깔렸다.,    당시 철판을 고정하고 있던 섬유 벨트가 끊어져 아래에서 작업 중이던 A씨를 덮친 것으로 확인됐다.,    A씨는 인근 병원으로 이송됐으나 끝내 숨졌다.,    경찰과 고용노동부는 해당 업체를 상대로 업무상 과실 여부 등을 조사 중이다.,    home1223@yna.co.kr,
	,
	",https://news.naver.com/main/read.naver?mode=LS2D&mid=shm&sid1=102&sid2=251&oid=001&aid=0013056320,연합뉴스,함안서 1.2t 철판에 깔린 60대 노동자 숨져…경찰 수사
"
        이수지 기자(suejeeq@newsis.com)
    ",2022.03.17. 오전 10:25,"
	,
	,

,
,
	
	,[서울=뉴시스]이수지 기자 = 제20대 대통령선거 후 윤석열 대통령 당선인을 집중해서 다룬 종편 4사 시사대담 프로그램이 절반이 넘은 것으로 나타났다.,언론현업단체 민주언론시민연합의 종편 모니터 보고서에 따르면, 10~11일 종편4사 시사대담프로그램 전체 방송시간 중 윤 당선인 관련 대담 비중이 62.0%에 달했다.,방송사별로 살펴보면 채널A가 80.9%로 윤 당선자 관련 대담 비중이 가장 높았다. 그 다음으로 TV조선은 67.5%, JTBC가 52.3%, MBN이 46.8% 순이었다.,주제별로는 협치, 여성가족부 폐지 등 국민들이 차기정부 국정을 예측하는 데 도움이 되는 정보보다 윤 당선인 단순행보, '윤핵관(윤석열 핵심관계자)', 윤 당선인·배우자 사생활 등 기타 이슈에 치우친 대담이 많았다.,윤 당선인 행보는 79분으로 18.9%, 윤핵관은 68분으로 16.3%, 윤 당선인과 배우자 김건희 여사 사생활이 44분으로 11.9%를 차지했다.,반면, 협치는 39분으로 9.5%, 여성가족부 폐지는 17분으로 4.1%, 정책 변화 예고·공약 이행 준비는 45분으로 10.9%로 대부분 10%대를 넘지 못했다.,보고서는 ""결과적으로 종편 4사 모두 전체 방송시간 절반 가까이 혹은 절반이 훨씬 넘는 시간 동안 윤 당선자 관련 대담을 진행한 것""이라며 ""종편 시사 대담은 방송시간 상당부분을 윤 당선인 관련 대담으로 채웠지만, 시민에게 도움이 될 만한 내용은 적었다""고 분석했다., 
	,
	",https://news.naver.com/main/read.naver?mode=LS2D&mid=shm&sid1=102&sid2=254&oid=003&aid=0011067249,뉴시스,종편 4사 시사 대담 윤석열 집중 62%…윤핵관·사생활 부각
"
        김용빈 기자(vin06@news1.kr)
    ",2022.03.17. 오전 10:41,"
	,
	,

,
,
	
	,(청주=뉴스1) 김용빈 기자 = 충북 산림환경연구소는 일반 미선나무보다 꽃이 큰 신품종 '한별'을 개발해 국립산림품종관리센터에 품종보호 출원했다고 17일 밝혔다.,한별은 크고 밝은 별이라는 우리말로 일반 미선나무보다 약 1.5배 크고 경관적 가치가 우수하다.,괴산에서 미선나무를 재배하는 김관호 대표와 공동으로 육성한 품종이다.,미선나무는 충북의 대표 자생식물로 1속 1종밖에 없는 우리나라 고유의 희귀식물이다. 충북 괴산군 3곳, 영동군 1곳에 미선나무 자생지가 천연기념물로 지정됐다.,미선나무의 꽃말은 '모든 슬픔이 사라진다'로 코로나19 위기를 극복하는 현재 상황에 좋은 의미를 전한다.,연구소 관계자는 ""신품종 육성과 조직배양 기술을 이용해 희귀식물을 보호하고 산업화와 자원화를 위해 노력하겠다""고 말했다.
	,
	",https://news.naver.com/main/read.naver?mode=LS2D&mid=shm&sid1=102&sid2=252&oid=421&aid=0005973863,뉴스1,미선나무 신품종 '한별' 나왔다…1.5배 큰 꽃
"
        최해민(goals@yna.co.kr)
    ",2022.03.17. 오전 10:43,"
	,
	,

,
,
	
	(용인=연합뉴스) 경기 용인시는 오는 25일까지 장애인 문화예술 진흥사업 공모를 통해 15개 사업을 선정, 사업별로 최대 3천만원을 지원한다고 17일 밝혔다.,    이 사업은 장애인의 안정적인 문화예술 활동을 지원하기 위해 경기도와 용인시가 공동으로 사업비를 부담해 추진하는 사업이다.,    지원 대상은 관내 주민등록 된 장애인 예술인 가운데 최근 1년간 예술 활동 실적이 있는 개인, 관내 주소지를 둔 비영리 단체 중 최근 1년간 장애인 예술 활동 실적이 있는 단체 등이다.,    시는 장애인이 30% 이상 참여한 단체를 지원 대상으로 우선 선정할 계획이다.,    지원 분야는 ▲ 문화예술 협업 지원 ▲ 문화예술인력 역량 강화 ▲ 문화예술발표 및 향유 ▲ 예술창작활동 지원 등 총 4개 분야다.,    이 사업에는 총 2억3천여만원의 예산이 투입된다.,
	,
	",https://news.naver.com/main/read.naver?mode=LS2D&mid=shm&sid1=102&sid2=59b&oid=001&aid=0013056343,연합뉴스,[용인소식] 장애인 문화예술 진흥사업 공모
"
        CBS노컷뉴스 김소영 기자 yeahrial@cbs.co.kr
    ",2022.03.17. 오전 10:42,"
	,
	,

,
,
	
	,정부가 오미크론 변이의 치명률이 낮아짐에 따라 코로나19의 감염병 등급을 '1급'에서 제외하는 방안을 검토중이다. 등급을 낮추면 격리 의무화 조치도 해제될 가능성이 높다.,
	,
	",https://news.naver.com/main/read.naver?mode=LS2D&mid=shm&sid1=102&sid2=255&oid=079&aid=0003621371,노컷뉴스,코로나 '감염병 등급' 낮추나[그래픽뉴스]
"
        배연호(byh@yna.co.kr)
    ",2022.03.17. 오전 10:43,"
	,
	,

,
,
	
	,(태백=연합뉴스) 태백시 장성동 365 세이프타운이 어린이 안전 체험관에서 2022년 새 학기 맞이 자전거 안전 수칙 O/X 퀴즈대회를 오는 19∼20일과 26∼27일 진행한다.,    대상은 자유이용권의 초등학생 이하 어린이고, 선착순 50명에게 점수에 따라 기념품을 준다.,    어린이 안전 체험관은 정보통신기술을 활용한 자전거·킥보드 종합안전 교실, 국가통합인증마크(KC) 인증 어린이 제품 안전 교육장 등을 갖췄다.,365 세이프타운 관계자는 17일 ""새로 문을 여는 어린이 안전 체험관에 많은 관심 부탁한다""며 ""새 학기를 맞은 어린이들이 365 세이프타운에서 체험을 통해 안전에 대한 지식을 재미있게 배우기를 기대한다""고 말했다.,
	,
	",https://news.naver.com/main/read.naver?mode=LS2D&mid=shm&sid1=102&sid2=256&oid=001&aid=0013056345,연합뉴스,"[태백소식] 365 세이프타운, 어린이 안전 수칙 퀴즈대회"
"
        권병석 기자 (bsk730@fnnews.com)
    ",2022.03.17. 오전 10:36,"
	,
	,

,
,
	
	 ,  ,[파이낸셜뉴스] 부산시교육청은 청렴한 조직문화를 정착시키기 위해 공직자의 반부패 청렴 의지를 새롭게 다지는 ‘청렴실천 다짐 릴레이 캠페인’을 펼치고 있다고 17일 밝혔다.  ,  ,이 캠페인은 4급 이상 고위공직자 주도의 청렴실천 의지 표명과 솔선수범을 통해 반부패·청렴 공감대를 형성하기 위해 추진하는 행사다.  ,  ,최근 시교육청이 부패방지 부문 우수기관으로 선정돼 국무총리 표창을 받은 것을 기념하기 위해 지난 8일 개최한 '신문고 타고식'을 시발점으로 시작한다. 이날 타고식에는 김석준 시교육감과 오승현 부교육감을 비롯한 교육청 국장 이상 간부 공무원들이 청렴실천 다짐 캠페인을 펼쳤다.  ,  ,이어 지난 16일에는 교육청에서 5개 교육지원청 교육장이 ‘북부는 청렴행 : 청렴을 행하면 행복합니다.’ ‘존중과 배려 속에 함께 웃는 동래교육’ 등 교육지원청 청렴실천 의지가 담긴 피켓을 들고 캠페인을 벌였다. 또 같은 날 교육청 예산기획과와 학교생활교육과를 시작으로 다음 부서를 지명하는 릴레이 형식으로 캠페인은 이어질 예정이다.  ,  ,김 교육감은 ""이번 캠페인은 고위공직자부터 솔선수범하는 자세로 청렴실천 의지를 다지기 위한 것”이라며 “부산교육 전반에 반부패·청렴 공감대를 확산시켜 시민들의 눈높이에 맞는 깨끗한 부산교육을 실현해 나가겠다""라고 말했다.
	,
	",https://news.naver.com/main/read.naver?mode=LS2D&mid=shm&sid1=102&sid2=276&oid=014&aid=0004804693,파이낸셜뉴스,"부산교육청, ‘청렴실천 다짐 릴레이 캠페인’"
"
        정회성(hs@yna.co.kr)
    ",2022.03.17. 오전 10:43,"
	,
	,

,
,
	
	,    (광주=연합뉴스) 정회성 기자 = 광주 화정아이파크 시공사인 HDC 현대산업개발의 관계자들이 17일 오전 질문하는 기자를 지나치며 광주지방법원에서 열린 구속 전 피의자 심문(영장실질심사)에 출석하고 있다. 이들은 두 달 전 건설노동자 6명이 숨지고 1명이 다친 화정아이파크 붕괴사고 현장의 책임자들이다. 업무상 과실치사상, 건축법 위반 등 혐의로 경찰 수사를 받고 있다. 2022.3.17 ,    hs@yna.co.kr,
	,
	",https://news.naver.com/main/read.naver?mode=LS2D&mid=shm&sid1=102&sid2=257&oid=001&aid=0013056344,연합뉴스,광주 붕괴사고 2달 만에…현산 관계자들 영장실질심사 출석
"
        김창성 기자 (solrali@mt.co.kr)
    ",2022.03.17. 오전 10:42,"
	,
	,

,
,
	
	,올해 국내 자동차시장 핵심 키워드는 ‘SUV·하이브리드·비대면 구매’로 조사됐다.,17일 엔카닷컴에 따르면 올해 자동차 구매 계획, 구매를 희망하는 차종 및 연료 타입, 중고차 구매 트렌드 등을 분석하기 위해 지난 2월24일~3월1일까지 3427명의 소비자를 대상으로 설문조사를 진행했다.,전체 참여자 중 71.4%의 응답자가 올 해 자동차 구매 계획이 있는 것으로 파악됐다. 구매하고 싶은 차종을 묻는 질문에는 ‘SUV·RV’를 선택한 소비자가 55.2%로 가장 많아 식지 않는 인기를 확인 할 수 있었다. ,세단은 27.8%로 SUV 다음으로 구매를 희망하는 소비자가 많았으며 이 외 쿠페·컨버터블(6.2%), 미니밴(3.8%), 해치백(3.2%), 왜건(2.2%) 순이었다.,구매를 희망하는 연료 타입으로는 31.7%의 응답자가 하이브리드를 고려하고 있다고 답해 가장 많은 선택을 받았다. 이어 전기차가 28.2%, 가솔린이 24.8%, 디젤은 14.2%였다. ,지난해는 같은 설문조사에서는 가솔린 및 디젤차 구입 희망이 65%로 많은 응답을 받아 내연기관차 선호도가 높았다. 반면 올해는 국내 친환경차 시장이 더욱 성장함에 따라 하이브리드, 전기차에 대한 소비자 인지도 및 선호도가 대폭 높아진 것으로 파악됐다.,중고차 구매 방식 중 비대면(온라인) 구매 서비스 인지도를 확인하는 질문에는 41.0%의 응답자가 ‘어느 정도 알고 있다’라고 답했으며 18.6%가 ‘매우 잘 알고 있다’, 26.1%가 ‘들어본 적 있다’고 답했다. 비대면 구매 서비스를 ‘잘 모른다’라고 응답한 비율은 14.3%에 불과해 중고차 구매 트렌드가 오프라인에서 온라인으로 변화한 것을 알 수 있었다.,엔카닷컴 관계자는 “이번 설문조사 결과로 미루어 볼 때 하이브리드나 전기차로의 변화 양상은 중고차 시장에도 반영 될 것으로 예상된다”고 짚었다.,
	,
	",https://news.naver.com/main/read.naver?mode=LS2D&mid=shm&sid1=103&sid2=239&oid=417&aid=0000795041,머니S,올해 자동차 구매 트렌드는 ‘SUV·하이브리드·비대면’
"
        이승구 온라인 뉴스 기자 lee_owl@segye.com
    ",2022.03.17. 오전 10:39,"
	,
	,

,
,
	
	,   ,  면역체계가 자체의 기관, 조직, 세포를 외부 물질로 오인, 공격함으로써 발생하는 질환인 자가면역 질환(autoimmune disease). 류마티스 관절염, 다발성 경화증, 루푸스, 염증성 장 질환, 1형(소아) 당뇨병, 건선, 아토피성 피부염, 셀리악병 등이 이에 속한다.,   ,  그런데 공기 오염에 장기간 노출되면 자가면역 질환 위험이 높아진다는 연구 결과가 나왔다.,   ,  16일 영국의 일간 가디언(Guardian) 인터넷판의 보도에 따르면 이탈리아 베로나대 의대 류마티스 전문의 조반니 아다미 박사 연구팀은 이 같은 연구 결과를 밝혔다.,   ,  연구팀은 평균 연령 65세 8만1363명을 대상으로 2016년 6월~2020년 11월 의료정보 자료와 이들이 사는 지역의 공기 오염도를 비교 분석했다. 이 중 약 15%가 이 기간에 각종 자가면역 질환 진단을 받았다.,   ,  공기오염 물질은 입자의 크기가 10㎛(마이크로미터) 이하이면 ‘미세먼지’(PM10), 입자의 크기가 2.5㎛ 이하이면 ‘초미세먼지’(PM2.5)로 분류한다. 안전 기준치는 미세먼지가 30㎛/㎥, 초미세먼지는 20㎍/㎥이다.,   ,  전체적으로 안전 기준치를 넘는 미세먼지에 오랫동안 노출되면 자가면역 질환 위험이 12%, 기준치를 초과하는 초미세먼지에 장기간 노출되면 13% 높아지는 것으로 분석됐다고 연구팀은 밝혔다.,   ,  자가면역 질환 중에서도 류마티스 관절염 위험은 40%, 크론병?궤양성 대장염 등 염증성 장 질환 위험은 20%, 루푸스 등 결합조직 질환 위험은 15% 높은 것으로 나타났다.,   ,  그러나 이 결과가 미세먼지 또는 초미세먼지 노출과 자가면역 질환 사이에 인과관계가 있다는 증거는 될 수 없으며 다만 연관성이 있음을 보여주는 것이라고 연구팀은 설명했다.,   ,  이번 연구 결과는 영국의 류마티스-근골격계 질환 전문지 ‘류마티스 및 근골격계 질환 Open’(Rheumatic and Musculoskeletal Diseases Open) 최신호에 발표됐다.,
	,
	",https://news.naver.com/main/read.naver?mode=LS2D&mid=shm&sid1=103&sid2=241&oid=022&aid=0003676945,세계일보,“공기오염에 장기간 노출시 자가면역 질환 위험↑”
"
        금준혁 기자(rma1921kr@news1.kr)
    ",2022.03.17. 오전 9:42,"
	,
	,

,
,
	
	,(서울=뉴스1) 금준혁 기자 = SRT 운영사 SR은 열차가 지연됐을 때 고객이 배상금을 신청하는 절차를 개선했다고 16일 밝혔다.,SR은 열차가 기상악화 등 천재지변으로 인해 지연되는 경우를 제외하고 20분 이상 지연되면 소비자분쟁해결기준에 정한 금액을 배상한다.,그동안 신용결제 등 카드로 승차권을 구매한 고객은 지연 다음 날 자동으로 환불되지만 현금으로 결제한 고객은 홈페이지를 통해 계좌이체를 신청하거나 역 창구를 방문해 승차권을 제출해야 배상받을 수 있었다.,SR은 기존처럼 신용카드나 간편결제로 승차권을 구매한 고객은 결제 다음날 자동으로 환불되고 현금으로 결제한 고객은 역 창구를 방문해도 환불받을 수 있다.,이종국 SR 대표이사는 ""철저한 열차 안전관리로 SRT를 이용하는 고객들이 지연으로 인해 불편을 겪지 않도록 노력하겠다""며 ""고객 편의와 권익을 더욱 높이기 위해 지속적으로 개선된 서비스를 제공하겠다""고 말했다.
	,
	",https://news.naver.com/main/read.naver?mode=LS2D&mid=shm&sid1=103&sid2=240&oid=421&aid=0005973619,뉴스1,"SR ""열차 지연 배상금 앱으로 신청하세요""…카드·현금 모두 가능"
"
        류석우 기자(sewryu@news1.kr)
    ",2022.03.17. 오전 10:42,"
	,
	,

,
,
	
	,(서울=뉴스1) 류석우 기자 = 삼성 에버랜드 노동조합 와해 공작 혐의를 받던 강경훈 전 삼성전자 인사팀 부사장 등 삼성 관계자들이 대법원에서 유죄를 확정받았다. 기소된 지 약 3년3개월 만이다.,대법원이 삼성 계열사의 노조와해 관련 사건에 유죄를 확정한 것은 이번이 두 번째다. 앞서 강 전 부사장은 삼성전자서비스 노조 와해 공작 의혹 사건에서도 유죄가 확정된 바 있다.,대법원2부(주심 이동원 대법관)는 17일 오전 업무방해 등의 혐의로 재판에 넘겨진 강 전 부사장 등에 대한 상고심에서 상고를 기각한다고 밝혔다. ,강 전 부사장 등은 2011년 7월1일 복수노조제도 시행을 앞두고 조장희씨 등이 경인 용인시 소재 에버랜드에 노조를 설립하려는 움직임을 보이자 미래전략실에서 마련한 노사전략을 이용해 노조와해 공작을 벌인 혐의로 지난 2018년 말 재판에 넘겨졌다.,이들은 복수노조제도 시행 전인 2011년 6월부터 2018년 3월까지 '어용노조'를 이용해 조씨 등이 만든 '삼성노조'가 단체협약 체결 요구권을 갖지 못하도록 하는 방법으로 노조활동에 개입한 것으로 조사됐다.,아울러 회사가 어용노조 설립 신고서 등 노조설립에 필요한 서류를 대신 작성하거나 검토해 주면서 설립을 주도하거나, 어용노조위원장 임모씨에게 언론대응 요령을 교육한 혐의도 받는다.,1심과 2심은 모두 강 전 부사장 등이 업무방해죄를 저질렀다고 보고 징역 1년4개월을 선고했다.,항소심 재판부는 지난 2020년 11월 열린 2심 선고공판에서 ""강 부사장 등이 공모해 피해자인 노조를 와해시킬 목적으로 행한 노조원들에 대한 징계는 부당징계""라며 ""삼성 노조원들의 자유의사를 제압하기에 충분한 조치""라고 지적했다.,아울러 ""징계의 의도나 목적, 시기와 방식, 위력 행사, 피해를 종합해보면 이번 사건의 각 징계는 삼성 노조에 대한 위력행사와 동일시된다고 보는 것이 타당하다""며 ""업무방해죄에 해당한다""고 덧붙였다.,2심에서 에버랜드 이모 전 인사지원실장은 징역 10개월을, 노조대응 상황실 김모씨는 징역 10개월에 집행유예 2년을, 어용노조위원장 임모씨와 A씨는 각 징역 8개월과 징역 6개월에 집행유예 2년을 각각 선고받았다. 이날 대법원에서 모두 형이 확정됐다. ,강 전 부사장은 삼성전자서비스 노조 와해공작에 관여한 의혹으로 이미 유죄가 확정된 상태다.,앞서 대법원은 지난해 2월 열린 삼성전자서비스 노조와해 공작 의혹 사건 상고심 선고공판에서 강 전 부사장에게 징역 1년4개월을 선고한 원심을 확정했다. 다만 1심에서 법정구속됐던 이상훈 전 삼성전자 의사회 의장은 무죄가 확정됐다. ,대법원은 검찰이 삼성전자 본사를 압수수색 하는 과정에서 확보한 하드디스크들을 위법수집 증거로 보고 이 전 의장에게 무죄를 선고한 원심이 옳다고 판단했다.
	,
	",https://news.naver.com/main/read.naver?mode=LS2D&mid=shm&sid1=103&sid2=237&oid=421&aid=0005973864,뉴스1,'삼성 에버랜드 노조와해 공작' 기소 3년여 만에 유죄 확정
"
        윤희훈 기자 yhh22@chosunbiz.com
    ",2022.03.17. 오전 10:15,"
	,
	,

,
,
	
	,        “다른 파트너와 고객과 함께 화합할 수 있는 스타벅스에서 바리스타로 근무하게 돼 정말 행복해요.”,청각장애인인 김태윤씨는 올해 초 스타벅스에 바리스타로 입사한 소감을 이같이 밝혔다. 김 씨는 “새로운 시작에 대한 용기를 갖게 됐다”며 “스타벅스에서의 수많은 만남과 인연을 통해 편안한 경험을 전달할 수 있는 파트너로 성장하도록 노력하겠다”고 포부를 밝혔다.,스타벅스는 올해 1분기 장애인 바리스타 채용 전형을 통해 26명의 장애인 바리스타가 입사했다고 17일 밝혔다. 스타벅스는 올해 1월부터 2022년 1분기 장애인 바리스타 전형을 시작하고, 약 5주 동안 진행된 서류 및 면접 전형, 최대 3주간의 매장 실습 전형, 최종평가 등을 거쳐 중증 20명, 경증 6명의 장애인 바리스타 26명을 채용했다. 이들은 거주지 인근 지역의 매장으로 발령받아 최근 바리스타로서의 근무를 시작했다.,스타벅스는 2007년부터 장애인 바리스타 채용을 시작했다. 2012년에는 업계 최초로 한국장애인고용공단과 고용 증진 협약을 맺고 장애 유형과 정도의 구분 없이 분기별 장애인 채용을 시행하고 있다.,3월 현재 스타벅스에서 근무하는 장애인 파트너 수는 총 823명(중증 장애인은 2배수로 하는 법적 기준 적용)이다. 장애 중증도로 구분하면 중증 장애인이 374명, 경증 장애인이 75명이 스타벅스에서 일하고 있다. 이 중 50명의 파트너는 동등한 승진 기회를 얻어 관리자 이상 직급으로 근무 중이다.,스타벅스는 장애에 대한 편견을 없애고 장애인 파트너의 역량을 강화하기 위해 매년 장애인 바리스타 챔피언십을 개최하고 있다. 해당 행사는 장애인 파트너들의 음료 지식, 숙련도, 라떼 아트 등 실력을 겨루고 바리스타로서의 자긍심을 심어준다는 평가를 받는다.,박찬호 스타벅스 인재확보팀장은 “무한한 잠재력을 가진 우수한 인재 채용으로 올해 장애인 파트너 채용을 시작할 수 있게 되어 매우 뜻 깊다”면서 “. 향후 장애인 파트너들의 안정적인 근무 환경 조성을 위해 매장 관리자가 수시로 장애인 파트너와의 면담을 진행하며 직무 적응을 도울 예정”이라고 했다.,
	,
	",https://news.naver.com/main/read.naver?mode=LS2D&mid=shm&sid1=103&sid2=238&oid=366&aid=0000800206,조선비즈,"‘편견을 깹니다’…스타벅스, 장애인 바리스타 26명 채용"
"
        권병석 기자 (bsk730@fnnews.com)
    ",2022.03.17. 오전 10:36,"
	,
	,

,
,
	
	 ,  ,[파이낸셜뉴스] 부산시교육청은 청렴한 조직문화를 정착시키기 위해 공직자의 반부패 청렴 의지를 새롭게 다지는 ‘청렴실천 다짐 릴레이 캠페인’을 펼치고 있다고 17일 밝혔다.  ,  ,이 캠페인은 4급 이상 고위공직자 주도의 청렴실천 의지 표명과 솔선수범을 통해 반부패·청렴 공감대를 형성하기 위해 추진하는 행사다.  ,  ,최근 시교육청이 부패방지 부문 우수기관으로 선정돼 국무총리 표창을 받은 것을 기념하기 위해 지난 8일 개최한 '신문고 타고식'을 시발점으로 시작한다. 이날 타고식에는 김석준 시교육감과 오승현 부교육감을 비롯한 교육청 국장 이상 간부 공무원들이 청렴실천 다짐 캠페인을 펼쳤다.  ,  ,이어 지난 16일에는 교육청에서 5개 교육지원청 교육장이 ‘북부는 청렴행 : 청렴을 행하면 행복합니다.’ ‘존중과 배려 속에 함께 웃는 동래교육’ 등 교육지원청 청렴실천 의지가 담긴 피켓을 들고 캠페인을 벌였다. 또 같은 날 교육청 예산기획과와 학교생활교육과를 시작으로 다음 부서를 지명하는 릴레이 형식으로 캠페인은 이어질 예정이다.  ,  ,김 교육감은 ""이번 캠페인은 고위공직자부터 솔선수범하는 자세로 청렴실천 의지를 다지기 위한 것”이라며 “부산교육 전반에 반부패·청렴 공감대를 확산시켜 시민들의 눈높이에 맞는 깨끗한 부산교육을 실현해 나가겠다""라고 말했다.
	,
	",https://news.naver.com/main/read.naver?mode=LS2D&mid=shm&sid1=103&sid2=276&oid=014&aid=0004804693,파이낸셜뉴스,"부산교육청, ‘청렴실천 다짐 릴레이 캠페인’"
,2022.03.17. 오전 10:37,"
	,
	,

,
,
	
	바닷가 마을의 봄은 유난히 따사롭다. 살랑거리는 미풍의 속삭임을 느껴본 적 있는가. 강릉과 삼척 사이, 소박하게 자리 잡은 동해시는 봄바람 맞으러 여행 가기 좋은 곳이다. 굳이 ‘한국의 산토리니’라고 소개하지 않아도, 멋과 낭만이 가득한 논골담길을 비롯, 과거와 현재의 흔적들이 가득 담긴 타임캡슐 같은 여행지. 그곳에서 발견하는 담담한 삶과 일상의 이야기들이 눈부시다. , , , 조선 후기의 문신, 약천 남구만은 잘 모를지라도 ‘동창이 밝았느냐 노고지리 우지진다’라는 시조는 대개 들어봤을 터다. 이 유명한 시조의 창작 무대가 바로 동해다. 조선 숙종 때 소론의 영수였던 남구만이 장희빈의 아들을 세자로 책봉하는데 반대했다가 강원도 망상으로 유배를 갔다. 그리고 그곳에서 지은 시조다. 지금은 바닷가 마을의 느낌이 강하지만, 동해는 원래 바다를 삶의 터전으로 삼던 묵호 사람들과 들과 산을 기반으로 농사를 지으며 살던 북평 사람들이 만나 산과 바다가 공존하는, 풍요로운 마을을 이룬 곳이다. 강릉과 삼척, 두 도시와 경계를 이루며 동쪽으로는 푸른 동해 바다를, 서쪽으로는 태백산맥의 분수령을 이루는 청옥산과 두타산을 거느린 명승지이기도 하다. 예부터 동해는 앞바다에서 오징어, 명태, 노가리 등 수산물이 많이 잡히고, 산간지역에는 석회석이 많이 매장돼 있어 수많은 사람들이 모여들었고, 풍부한 자원을 수송하기 위한 항만, 철도, 육로 등의 교통망도 일찌감치 발달했다. 도시가 번성한 건 당연한 일이었다. 그 유래와 역사를 더듬는 여행은 생각만 해도 설레고 흥미롭다.,▶진득한 삶의 이야기가 잔잔히 흐르는 묵호,  , 오늘날 동해의 이야기를 하려면 마땅히 묵호를 앞세워야 한다. 그리고 그 맨 앞에는 묵호항이 있게 마련이다. 작은 어촌마을이었던 묵호항은 일제 강점기 무연탄을 실어 나르던 항구에서, 1941년부터는 국제 무역항으로 몸집을 키웠고, 1970년대 중반부터는 국내 최대의 무연탄과 시멘트 수출항으로 이름을 날렸다. 1979년 동해항의 개항과 함께 그 역할이 조금씩 줄어들긴 했지만 한때는 일과 사람, 돈이 넘쳐나던 국내 최대의 어항이자 무역항이었다. 묵호동을 소개하는 안내판에는 ‘요정과 백화점이 문전성시를 이루는 유행의 첨단 도시’, ‘술과 바람의 도시’ 같은 표현이 적혀 있다. 과거 묵호항이 얼마나 번성했는지를 짐작케 하는 말이다. 묵호항이 한눈에 내려다보이는 논골담길 벽화에 그려진, 지폐를 물고 있는 강아지 그림 역시 전성기의 묵호항을 그대로 이야기해주는 듯하다., , 유행의 첨단과는 거리가 있을지 몰라도 지금의 묵호항은 바닷가를 삶의 터전으로 삼아온 사람들의 진득한 이야기와 풍경으로 정겹게 다가선다. 어선이 드나드는 항구는 깔끔하게 단장됐지만, 온갖 수산물이 넘쳐나는 어시장의 풍경과 인정 넘치는 상인들의 모습은 하나도 달라진 게 없어 보인다. 새벽시장의 활기도 여전하다. 먼 길을 흔쾌히 달려와 마주할 수 있는 감동도 그대로다. 배에서 바로 내려진 싱싱한 수산물들과 그것을 경매에 붙이는 모습, 길게 늘어선 어시장 횟집 주인들과의 싫지 않은 흥정, 어시장 한편에서 즉석으로 회를 떠주는 아주머니들의 기분 좋은 소란함도 묵호항의 과거와 현재를 이어주는 추억의 타임캡슐이다. 그것을 하나하나 더듬다 보면 잠시 잊고 있었던 우리네 삶의 흔적들이 생생히 되살아난다. 마치 역사의 한 장면 속으로 스며들어간 듯한 오묘한 기분을 느낄 수 있는 곳, 그곳이 바로 묵호항이다.  ,묵호항에 명태가 지천이던 시절, 어민들은 그것을 지게에 짊어지고 덕장이 있는 마을 꼭대기까지 올라갔다. 지게에 실은 해산물에서 흘러내린 바닷물이 좁은 골목길을 흥건히 적시고 그 위로 바람에 날아온 석탄가루가 뒤섞이면서 지저분하게 된 길을 깨끗하게 하기 위해 물을 뿌려 논처럼 늘 질퍽거렸던 길. 마을에 ‘논골’이란 이름이 붙은 사연이다. 개항과 함께 그 역사가 시작된 묵호항 논골마을은 일거리를 찾아 모여든 사람들의 삶의 터전이었다. 비탈진 언덕에 벽돌과 슬레이트로 작은 집을 겹겹이 짓고 바다만 바라보며 살아온 세월은 지금 논골마을 담벼락 곳곳에 벽화로 남아 전해진다. 묵호 사람들의 지난했던 삶이 그림으로 되살아나 오히려 현대인들의 팍팍한 삶을 위로해주는 곳, 이곳이 ‘논골담길’이다. 마을 꼭대기에 우뚝 솟은 묵호등대를 향해 구불구불, 작고 가늘게 난 3개의 골목길과 등대오름길에는 묵호의 과거와 현재, 미래가 담겨 있다. 지난한 삶 속에서도 따뜻한 인정을 잃지 않았던 사람들, 그들의 눈물과 웃음, 해학이 담긴 골목 벽화는 여행자의 가슴을 훈훈하게 해준다. 굳이 그곳을 ‘한국의 산토리니’라 이름 붙이지 않아도, 찾아가 느끼고 어루만져 볼 이유가 충분한 묵호의 작고 예쁜 마을이다. 논골담길 골목 여행의 끝에는 묵호등대가 있고, 그 중턱에 바람의 언덕이 있다. 정겨운 묵호항과 망망한 동해 바다가 한눈에 들어오는 곳, 가파른 골목길 순례를 상쾌한 바람과 멋진 풍경으로 마무리할 수 있는 곳이다. ,▶묵호의 새로운 랜드마크, , 논골담길 그리고 묵호등대가 오랜 시간의 노스탤지어를 품고 있다면 지난해 여름 조성된 ‘도째비골 스카이밸리’는 묵호에 새롭게 부는 변화의 바람을 담아냈다. ‘도째비’는 도깨비의 강원도 사투리. 도째비골은 묵호등대와 택지 사이에 쓸모 없이 방치된 땅을 활용해 59m의 스카이워크와 스카이사이클, 자이언트슬라이드를 조성한 묵호의 새로운 랜드마크다. 하늘 전망대인 스카이워크에 오르면 탁 트인 동해바다 위를 걷는 기분을 느낄 수 있다. 스카이사이클은 공중에 설치된 와이어에 매달린 자전거를 타고 달리는 하늘 자전거, 자이언트슬라이드는 27m 높이에서 원통형 슬라이드로 미끄러져 내려오는 어트랙션이다. ,스카이밸리 아래쪽 해안도로에는 도깨비 방망이를 형상화한 ‘해랑전망대’가 있다. 바다 위를 걷는 듯한 기분을 느낄 수 있는 해상보도교량이다. 입구에는 도깨비 영역으로 들어간다는 의미의 파란색 터널 구조물을 있고 그걸 지나면 스카이밸리 전망대의 슈퍼트리가 도깨비 방망이를 통해 만개했다는 스토리를 담은 또 하나의 조형물이 하늘을 향해 팔을 벌리고 있다. 망망대해를 배경 삼아 누구나 카메라를 들이대는 포토 존이자 인생샷 명소다. ,논골담길에서 묵호역 쪽으로 발길을 돌리다 보면 거대한 크기의 어린 왕자 벽화가 눈길을 끈다. 논골담길의 인기와 더불어 새롭게 변화의 옷을 입은 묵호진동 별빛마을이다. 어린왕자 벽화 사이로 난 계단을 따라 올라가면 별빛마을이 있다. 논골마을처럼 가파른 산동네 언덕마다 촘촘히 들어선 집들이 ‘별처럼 빛나는’ 마을이다. 두 팔을 벌려 묵호항을 포근히 감싸 안은 듯한 마을은 정겹고 따뜻해 보인다. 낡고 오래됐지만 멋진 풍광을 지닌 마을은 주민들이 주체가 된 ‘새뜰마을사업’을 통해 논골담길과는 또 다른 느낌의 추억과 감성을 마을 전체에 담아놓았다. 그곳에 새로 생긴 ‘묵꼬양’ 카페가 요즘 여행자들 사이에서 핫하다. 커피와 디저트 만드는 기술을 배운 마을 어르신들이 운영하는 카페로, 지중해 산토리니의 건물처럼 흰색과 파란색으로 치장한 멋스러운 건물에 바다가 한눈에 내려다보이는 전망으로 잠시 쉬어가기 좋은 곳이다.,지금은 살짝 철이 지났지만 별빛마을 뒤쪽에 있는 묵호 덕장마을도 한번쯤 들러볼 만한 곳이다. 대관령이나 용대리에만 있는 줄 알았던 황태덕장이 묵호에도 있다는 사실을 아는 이는 그리 많지 않을 것이다. 차분차분 묵호를 여행하는 사람만이 발견할 수 있는 진풍경, 묵호항이 내려다보이는 마을 꼭대기에 ‘언바람태’라고도 불리는 묵호태 덕장이 있다. 80년 전부터 묵호 지역에서만 생산되어 온 묵호태는 ‘언바람’이란 이름처럼 겨우내 순수 해풍으로만 말린다. 산꼭대기에서 차갑고 센 바닷바람으로 말리는 묵호태는 먹태와 달리 붉은 빛을 띠는데 무엇보다 맛과 영양이 잘 보존돼 예로부터 귀하게 쳐주는 묵호만의 특산물이다. 한때 50여 가구가 묵호태를 생산했지만 현재는 10가구 아래로 명맥만 유지하고 있다. 규모는 작지만 눈이 수북이 덮인 대관령 황태덕장과는 또 다른 느낌의 특별한 풍경을 묵호 덕장마을에서 만날 수 있다.,▶동해의 바다, 더욱 특별한 동해 바다 ,  , 망망대해로 길게 이어진 동해의 바다 풍경은 어디에서나 절경을 만들어내지만 강릉과 삼척 사이 그리 길지 않은 해안선을 지닌 동해시가 품은 바다는 조금 더 특별하다. ‘애국가’의 첫 장면에 등장해 온 국민이 감탄하던 추암해변이 그렇고, 요즘 젊은 여행자들 사이에 핫 플레이스로 통하는 어달해변도 낭만적이다. 그 옛날 대표적인 여름 휴가지로 꼽혔던 망상해변이야 말할 것도 없다. 그러나 그보다 작고 은밀하지만 너무나도 예쁜 해변이 있다. 이름마저 낯선 한섬해변이다. 묵호항과 동해항 딱 중간쯤에 위치한 한섬해변은 동해 시민들이 애정하는 조용하고 호젓한 바닷가다. 해파랑길 33코스에 속한 이곳은 감성바닷길로 통한다. 감추사 육교에서 한섬과 고불개, 가세마을을 잇는 2.2km의 해변 산책로는 지독히도 낭만적이다. 해변을 따라 멋들어지게 만든 해안 데크와 전망대, 다양한 체험존이 있고, 바닷가로 절묘하게 이어진 굴다리는 숨은 인증샷 명소로 알려져 있다. 특히 해변산책로에 설치된 100m 길이의 ‘리드미컬 게이트’는 아름다운 조명과 음악이 어우러지는 라이트쇼로 멋진 야경을 선사한다. 아담한 해변 반대쪽으로 난 숲속 길은 빼어난 바다 풍광을 감상하며 걷는 산책로다. 해안 절벽을 타고 흐르는 산책로 양 옆으로 펼쳐지는 울창한 솔숲과 쪽빛 바다의 풍광은 무아지경에 빠질 만큼 아름답다. 기차가 다니는 동해선 철길 아래의 작은 해변. 바닷길과 숲길, 철책 길과 해안 데크 길을 고루 걸으며 파도소리와 몽돌 부딪히는 소리, 지나는 기차소리까지 기막힌 화음을 온몸으로 느껴볼 수 있는 곳이다. , , 한섬해변에서 호젓한 바다 풍경을 보았다면, 추암해변의 절경을 보고가야 한다. 추암이 어떤 곳인가. 백 번 천 번을 가 봐도 어김없이 감탄사가 흘러나오는 동해바다 최고의 압도적 풍경을 지닌 곳이지 않는가. 한적한 바닷가에 곧게 솟은 촛대바위가 고즈넉하던 추암해변은 바다열차가 서는 추암역이 생기면서 생기가 넘치는 관광지가 됐다. 넓은 주차장이 만들어지고 현대식 상가들이 가득 들어차 과거의 한적함과는 거리가 있지만, 해돋이에 또 기암절벽이 만들어내는 풍경에 지친 마음을 달래는 여행자들의 모습은 미덥기만 하다. 입구에서 몇 미터만 가면 만나는 추암해변은 여전히 아름답다. 호리호리하고 아름다운 미녀가 걷는 모양새와 닮았다고 해서 ‘능파대’라 이름 붙인 한명회와 이곳을 지나다 그 절경에 반해 ‘금강사군첩-능파대’란 그림을 그렸던 김홍도의 마음과 하나도 다르지 않음을 또 다시 느끼게 된다. 역시 잘 왔다는 생각과 함께 촛대바위는 물론, 능파대로 불리던 ‘석림’의 아름다움 역시 변함없이 압도적이라는 찬사가 저절로 튀어나온다. 해변 근처에 들어선 현대식 건물들 탓에 다소 왜소해 보이는 해암정이지만 소박하면서도 운치 있는 자태는 여전하다. 바다 위에 만들어진 72m의 작은 출렁다리는 스릴보다 최고의 풍경을 보여주는 뷰 포인트다. 추암해변의 아름다움을 다른 각도에서 살펴볼 수 있는 곳인 만큼 반드시 가보길 권한다. 출렁다리와 이어진 추암근린공원의 조각 작품들을 천천히 감상하는 것도 잊지 마시길.  , , ▷홍합장칼국수,  , 동해에 가면 꼭 먹어야 할 음식으로 곰치국을 꼽지만 겨울이 지났으니 또 하나의 향토음식이자 별미인 장칼국수를 소개한다. 곰치국이 호불호가 다소 갈리는 별미라면 장칼국수는 누구나가 좋아하고 가볍게 즐길 수 있는 음식이어서 여행길 허기를 때우기 안성맞춤이다. 특히 멸치, 다시마, 무 등의 재료로 만든 육수에 고추장을 풀고 홍합을 듬뿍 넣어 끓여내는 홍합장칼국수는 바닷가에서 먹어야 제 맛. 칼칼한 양념이 진하게 밴 칼국수 면발은 쫄깃하면서도 담백하다. 어느 집을 가나 4~5000원 정도로 가격이 저렴하고 양은 미안할 정도로 푸짐하다. 동해의 장칼국수 맛집은 대우칼국수, 한아름칼국수, 동성칼국수, 광식이네칼국수, 동해장칼국수 등 묵호항과 묵호야시장 주변에 셀 수 없이 많다., [글과 사진 이상호(여행작가)] , [본 기사는 매일경제 Citylife 제821호 (22.03.22) 기사입니다],
	,
	",https://news.naver.com/main/read.naver?mode=LS2D&mid=shm&sid1=103&sid2=242&oid=009&aid=0004935940,매일경제,"항구의 낭만, 그 흔적을 찾아서...동해 마을의 봄"
"
        전창훈 기자 apolonj@imaeil.com
    ",2022.03.17. 오전 10:39,"
	,
	,

,
,
	
	,중국에 소설 '삼국지'가 있다면 일본에는 소설 '도쿠가와 이에야스'가 있다. 소설 '도쿠가와 이에야스'는 야마오카 소하치가 1950년부터 1967년까지 집필한 총 26권의 대하소설로 국내에서는 '대망'이라는 제목으로 알려져 있다.,그 만큼 소설 '도쿠가와 이에야스'의 배경인 전국시대는 후대에 끊임없이 이야깃거리를 제공하는 무대가 된다. 전국시대를 주름잡았던 노부나가·히데요시·이에야스의 3대 명장은 드라마, 소설, 영화, 게임, 만화 등으로 확대 재생산되고 있으며, 국내에서도 두터운 마니아층을 형성하고 있다. 중국 삼국지 못지 않게 다양한 인물과 복잡한 사건 등이 얽혀 있는 것도 인기 비결.,이 책의 특징은 복잡한 전국시대를 간단하게 이해할 수 있도록 70개의 주제와 지도로 요약한 점이다. 또한 3대 명장을 비롯해 다케다 신겐, 우에스기 겐신 등 주요 다이묘들이 처한 지정학적 배경을 바탕으로 합종연횡의 전략과 승자·패자가 나뉘는 대표적인 전투도 한눈에 파악할 수 있도록 했다. 방대하고 복잡한 스토리 구조를 단순화시키고, 인물과 사건의 지정학적 배경을 지도와 도해로 시각화시켜 독자들이 쉽게 전국시대를 파악하도록 돕고 있다.,이 책에서도 16세기의 대항해 시대가 일본의 전국시대에 어떤 영향을 미쳤는지도 입체적으로 분석한다. 16세기 중반 포르투갈이 규슈 남단을 통해 전해준 화승총은 전국시대의 주도권이 오다 노부나가에게 넘어가는 결정적인 계기가 되었다. 노부나가가 대량으로 생산한 화승총을 이용해 1575년 나가시노 전투에서 무적의 다케다 기마대를 섬멸한 이야기는 무척 유명하다. 그리고 일본을 통일한 도요토미 히데요시가 화승총을 앞세워 파죽지세로 조선을 초토화한 임진왜란도 우리에게는 뼈아픈 역사다.,전국시대 전란의 와중에도 각국의 다이묘들이 앞다투어 기독교에 귀의하거나 선진문물 수입하는 등 부국강병을 위해 앞장섰다. 당시 포르투갈과 에스파냐의 선교사들이 전파한 서양의 기독교와 문명은 중세 일본의 중앙집권적 봉건 체제를 구축하는 데 영향을 미쳤고, 나중에 메이지유신을 통해 근대화로 나아가는데 주춧돌 역할을 한다. 305쪽, 1만6천원.,
	,
	",https://news.naver.com/main/read.naver?mode=LS2D&mid=shm&sid1=103&sid2=243&oid=088&aid=0000749595,매일신문,[반갑다 새책] 일본 전국시대 130년 지정학
"
        신재우 기자(shin2roo@newsis.com)
    ","2022.03.17. 오전 10:13,2022.03.17. 오전 10:21","
	,
	,

,
,
	
	,[서울=뉴시스]신재우 기자 = 원불교 기산 이현도 원정사가 16일 열반했다. 세수 96세, 법랍 62년.,기산 원정사는 원기 32년(1947) 원불교에 입교해 원기 45년(1960) 출가했다. 원불교 교단에서 손꼽히는 고경과 성리 전문가인 그는 '소리 없는 소리', '염화미소' 등의 저서를 펴냈고 기독교에 대한 조예를 바탕으로 '하나님은 어떤 분이십니까?'를 출간한 바 있다. 동학농민혁명에 투신한 종조부와 조부의 영향으로 1998년 동학농민혁명유족회장을 역임하기도 했다.,그는 남원교당, 산동교당, 불목교당, 당리교당, 용신교당, 봉황교당, 해룡고등학교, 하섬해상훈련원 원장으로 봉직하고 원기 78년(1993)에 퇴임했다.,장례는 원불교 교단장으로 치러지며 빈소는 전북 익산시에 위치한 원불교중앙총부 향적당이다. 발인은 18일 오전 10시, 장지는 익산시 왕궁면 원불교 영모묘원이다．, 
	,
	",https://news.naver.com/main/read.naver?mode=LS2D&mid=shm&sid1=103&sid2=244&oid=003&aid=0011067199,뉴시스,'하나님은 어떤 분이십니까?' 원불교 이현도 원정사 열반
"
        KBS
    ",2022.03.17. 오전 10:24,"
	,
	,

,
,
	
	,[KBS 강릉],   ,
	,
	",https://news.naver.com/main/read.naver?mode=LS2D&mid=shm&sid1=103&sid2=248&oid=056&aid=0011230987,KBS,[날씨] 강원 3일간 비·눈…영동 내일까지 최대 40mm 비
"
        정윤주(jungle@yna.co.kr)
    ",2022.03.17. 오전 10:41,"
	,
	,

,
,
	
	,    (서울=연합뉴스) 국내 3번째 애플스토어가 서울 명동에 들어선다.,    애플은 17일 '애플 명동' 매장의 외벽 바리케이드 디자인을 공개했다. 이 디자인은 18세기 후반 조선시대 학자들 사이에서 인기 있던 '책가도'를 바탕으로 삼았다. 책가도는 책장과 서책, 문방구, 골동품 등을 그려 넣은 그림이다. 사진은 애플 명동 전경. 2022.3.17 [애플 제공. 재판매 및 DB 금지],    photo@yna.co.kr,
	,
	",https://news.naver.com/main/read.naver?mode=LS2D&mid=shm&sid1=105&sid2=731&oid=001&aid=0013056336,연합뉴스,"애플, 명동에 국내 3번째 애플스토어"
"
        최해민(goals@yna.co.kr)
    ",2022.03.17. 오전 10:43,"
	,
	,

,
,
	
	(용인=연합뉴스) 경기 용인시는 오는 25일까지 장애인 문화예술 진흥사업 공모를 통해 15개 사업을 선정, 사업별로 최대 3천만원을 지원한다고 17일 밝혔다.,    이 사업은 장애인의 안정적인 문화예술 활동을 지원하기 위해 경기도와 용인시가 공동으로 사업비를 부담해 추진하는 사업이다.,    지원 대상은 관내 주민등록 된 장애인 예술인 가운데 최근 1년간 예술 활동 실적이 있는 개인, 관내 주소지를 둔 비영리 단체 중 최근 1년간 장애인 예술 활동 실적이 있는 단체 등이다.,    시는 장애인이 30% 이상 참여한 단체를 지원 대상으로 우선 선정할 계획이다.,    지원 분야는 ▲ 문화예술 협업 지원 ▲ 문화예술인력 역량 강화 ▲ 문화예술발표 및 향유 ▲ 예술창작활동 지원 등 총 4개 분야다.,    이 사업에는 총 2억3천여만원의 예산이 투입된다.,
	,
	",https://news.naver.com/main/read.naver?mode=LS2D&mid=shm&sid1=103&sid2=245&oid=001&aid=0013056343,연합뉴스,[용인소식] 장애인 문화예술 진흥사업 공모
"
        박현익 기자(beepark@sedaily.com)
    ",2022.03.17. 오전 10:41,"
	,
	,

,
,
	
	,[서울경제] ,네이버웹툰이 태국, 대만, 인도네시아에서 역대 최대 주간거래액을 기록했다고 17일 밝혔다.,네이버웹툰 주간거래액은 지난 2월 1주차(1월 31일~2월 6일) 태국, 인도네시아, 대만 3개 지역에서 전년 동기 대비 약 68% 증가하며 역대 최대 거래액을 경신했다. 3개 지역의 2월 월간거래액도 전년 동기 대비 약 55% 증가했다.,네이버웹툰은 최근 론칭한 ‘내 남편과 결혼해줘’와 ‘입학용병’ 등 한국 인기 작품과 현지 작품이 시너지를 내며 성과를 냈다고 분석했다. ‘내 남편과 결혼해줘’는 올해 초 인도네시아와 태국 론칭 후 각각 주간 매출 1위를 기록했다. ‘입학용병’은 태국에서 남성향 작품 주간 매출 1위를 기록했다.,현지 작가 발굴을 통해 출시된 작품들도 인기몰이를 하고 있다. 인도네시아 현지 설화를 바탕으로 한 웹툰 ‘데데스(Dedes)’는 지난 2월 첫 론칭 후 신작&트렌딩 차트 1위를 기록했다. 태국의 고전 설화를 트렌드에 맞게 각색한 작품 ‘완텅라이짜이’도 론칭 후 일주일 만에 주간 거래액 1위를 차지하며 현지 작품 최고 매출을 기록 중이다. 현지 독자들의 많은 사랑을 받으며 연재 초반부터 드라마화 논의가 진행 중이다.,인도네시아, 태국, 대만 등을 포함한 네이버웹툰의 동남아시아 월간 활성 이용자수(MAU)는 최근 1300만을 돌파했다. 모바일 데이터 분석 플랫폼 data.ai(구 앱애니)에 따르면 16일 구글플레이 만화앱 기준으로 네이버웹툰은 3개 지역에서 모두 수익 1위를 차지했다.,차하나 네이버웹툰 유라시아 사업 리더는 “네이버웹툰은 태국, 인도네시아, 대만에서 모두 거래액과 이용자 수 측면에서 좋은 성과를 기록하고 있다”며 “앞으로도 많은 현지 창작자들이 활동할 수 있는 생태계를 구축해 웹툰이 동남아 지역의 대표 엔터테인먼트 브랜드로서 자리매김할 수 있도록 최선을 다할 것”이라고 말했다.,
	,
	",https://news.naver.com/main/read.naver?mode=LS2D&mid=shm&sid1=105&sid2=226&oid=011&aid=0004030727,서울경제,동남아서 돈 쓸어담는 네이버웹툰…거래액 68% 뛰며 역대 최대
"
        강소현(ksh@ddaily.co.kr)
    ",2022.03.17. 오전 10:39,"
	,
	,

,
,
	
	,[디지털데일리 강소현기자] 망 이용대가를 둘러싼 법정공방 2라운드에서 넷플릭스가 새로운 무기를 들고 나왔다. 인터넷의 기본 원칙이라고 주장하는 ‘빌 앤 킵(Bill and Keep)’이다. 넷플릭스는 1심과 마찬가지로 인터넷 생태계가 유지되기 위해선 통신사업자(ISP)가 이런 기본 원칙을 지켜야한다는 논리를 펼친 가운데 SK브로드밴드는 무리수를 뒀다는 평가다.  ,  ,  지난 16일 서울고등법원 제19-1민사부는 넷플릭스가 SK브로드밴드를 상대로 제기한 채무부존재 확인 소송 2심과 SK브로드밴드가 넷플릭스 상대로 제기한 부당이득 반환 소송의 첫 변론기일을 진행했다.,  ,  이번 재판에서 양측은 20분간 구술변론을 진행했다. 먼저 변론에 나선 넷플릭스는 ‘빌 앤 킵’을 새로운 쟁점으로 제시했다. 인터넷 세계에서 확립된 관행인 ‘빌 앤 킵’ 원칙에 따라 SK브로드밴드는 망 이용대가를 달라고 요구할 수 없다는 주장이다.,  ,  넷플릭스에 따르면 ‘빌 앤 킵’은 ISP가 자신의 인터넷 이용자로부터 접속료를 받아 비용을 충당하고 상대 ISP에 돈을 더 요구하지 않는다는 원칙이다. 이 같은 원칙은 ISP와 CP가 피어링할 때도 적용된다고 넷플릭스 측은 덧붙였다.  ,  ,  넷플릭스 측 대변인은 “‘빌 앤 킵’에 따라 접속하기만 하면 이후 순차적으로 연결되는 망에 대해 추가로 전송료를 낼 필요 없이 인터넷상 어디에도 연결할 수 있다”며 “ISP와 CP가 비용지급 없이 피어링하는 사례는 국내에서도 쉽게 찾아볼 수 있다”고 강조했다. ,  ,  이에 대해 SK브로드밴드 측은 ‘빌 앤 킵’은 인터넷의 기본 원칙이 아닌, ISP들 간의 상거래 원칙이라고 반박했다. SK브로드밴드에 따르면 ‘빌 앤 킵’이 성립되기 위해선 두가지 조건이 전제되어야 한다. ▲ISP들 사이에 서로 교환되는 트래픽의 양이 대등하고 ▲이로인해 발생하는 경제적 수익이 비슷할 경우다. 당초 CP에는 적용되지 않는 원칙이라는 주장이다.  ,  ,  SK브로드밴드 측 대변인은 “1심에서도 원고들은 접속을 무료로 할 수 있게 하는 것이 인터넷의 기본원칙이라고 주장했다”며 “무리한 이야기”라고 꼬집었다. 앞서 넷플릭스는 1심에서도 또다른 인터넷 기본 원칙이라고 주장하는 ‘망 중립성’을 제시하며 ISP가 전송하는 정보의 양이 많다고 데이터 전달에 차별을 둬서는 안 된다고 주장한 바 있다. ,  ,  SK브로드밴드 측은 재판 이후 진행된 브리핑에서도 “넷플릭스가 빌 앤 킵을 인터넷 원칙으로 들고 나온 것은 참 의아했다”고 일갈했다. SK브로드밴드의 법률대리인인 강신섭 법무법인 세종 변호사는 “(넷플릭스가) 왜 저렇게 ‘빌 앤 킵’을 들고 나올까 생각했다”며 “아마 재판부에서도 우리가 제출한 정보통신정책연구원(KISDI)에서 나온 자료를 보면 금방 알 수 있을 것”이라고 말했다.,
	,
	",https://news.naver.com/main/read.naver?mode=LS2D&mid=shm&sid1=105&sid2=227&oid=138&aid=0002120875,디지털데일리,"[망사용료 2R]① 인터넷 원칙에 집착하는 넷플릭스, 이번엔 ‘빌 앤 킵’"
"
        조미덥 기자 zorro@kyunghyang.com
    ",2022.03.17. 오전 10:42,"
	,
	,

,
,
	
	[경향신문] ,서울 가로수길, 여의도에 이어 명동에 애플스토어가 들어선다. ,애플은 17일 애플스토어 3호점인 ‘애플 명동’이 들어선다며 건물의 외벽 디자인을 공개했다. 애플 명동의 위치는 롯데백화점 본점 맞은편에 있는 센터포인트 명동 건물이다. 정확한 개점 일정은 추후 공개한다. ,외벽 디자인엔 소나무, 남산타워, 붓, ‘안녕’이란 글씨 등 한국의 전통적 요소를 넣었다. 구름을 타고 맥북을 사용하는 도사, 아이패드로 난을 그리는 화가 등 전통적 요소와 애플 제품을 결합한 디자인도 있었다. 애플은 “명동은 조선 당대 학식이 높은 학자들의 거주지로 알려진 곳으로 거주민들이 예절과 풍습을 잘 지킨다고 해 ‘명례방(밝은 마을)’으로 불리기도 했다”며 “애플만의 특징을 살려 (애플이) 제품과 서비스를 통해 사람들과 소통하는, 에너지 넘치는 모습을 (외벽 디자인이) 재현하고 있다”고 설명했다.,애플은 2018년 1월 애플 가로수길에 이어 2020년 말 애플 여의도 등 오프라인 매장을 열었다. 애플 제품을 직접 만지고 경험해보고 싶은 젊은층의 요구를 반영하기 위해서다.
	,
	",https://news.naver.com/main/read.naver?mode=LS2D&mid=shm&sid1=105&sid2=230&oid=032&aid=0003134745,경향신문,명동에 애플스토어 3호점 들어선다
"
        이안나(anna@ddaily.co.kr)
    ",2022.03.17. 오전 10:42,"
	,
	,

,
,
	
	,  [디지털데일리 이안나 기자] “여러분, 제가 질문 하나 드려도 되겠습니까? 배스킨라빈스 아이스크림은 몇 가지 맛을 즐길 수 있는지 아십니까?” (쇼호스트 최해정),  “제가 맞춰버렸는데 괜찮으시겠어요?”(배우 권혁수) ,  “제가 원샷 중이고 촬영 중이라 방해하지 말아주시겠어요?”,  ,  이는 최근 11번가 라이브 방송 ‘라이브11’에서 배우 권혁수와 쇼호스트 최해정이 배스킨라빈스 제품을 팔며 나눈 대화다. 권혁수 유튜브 채널 ‘권혁수감성’ 속 코너 ‘애드리브싸이퍼’에 배우 주현영이 나와 유머 콘텐츠로 인기를 끌자 라이브커머스 방송(라방)에서 이를 패러디한 것. 이런 ‘밈’을 알고 있던 소비자라면 방송을 보면서 더 재미를 느낄 수 있다. ,  ,  코로나19를 계기로 급성장한 ‘라이브커머스’가 진화하고 있다. 판매자와 소비자가 실시간으로 소통하며 상품을 살펴보는 데서 나아가 재미·전문성·힐링 등 다양한 요소를 가미해 소비자를 유입한다. 그간 라이브커머스는 소비자와 소통이 가능하다는 점이 주목받았다. 기존 일방적 상품 소개에 그쳤던 TV홈쇼핑과는 그 자체로 확연한 차이였다. ,  ,  현재는 상품에 대한 정보를 실감나게 전달한다는 것 외에 소비자들을 붙잡아 둘 수 있는 다른 요인이 필요하다. 라이브방송에 예능과 토크쇼를 접목하거나 유튜브 채널과의 연계, 10분 내외 ‘숏폼’ 형식 적용 등 틀을 깨는 시도도 이뤄진다. 모바일 콘텐츠 역량을 강화하는 움직임 속에서 이커머스 기업과 TV홈쇼핑 간 경계도 희미해졌다. ,  ,5060세대가 주 소비자층이던 홈쇼핑 업체들은 라이브 방송을 통해 젊은층 고객 확보에 주력한다. 지난해 G마켓·옥션에서 선보인 예능형 라방 ‘장사의신동’을 시작으로 디지털 콘텐츠와 연계한 라이브 방송 시도는 홈쇼핑 업계에서도 활발하다. 유튜브 혹은 자체 앱에서 웹예능 전문 콘텐츠를 먼저 선보이고 여기서 등장한 상품을 라이브 방송에서 구매할 수 있도로 유인하는 방식이다.,  ,  CJ온스타일도 올해 처음 선보인 디지털콘텐츠 ‘브티나는 생활’이 방송 중 25억원 주문금액을 달성하며 역대 최대 수치를 기록했다. 지난해 처음 시도했던 디지털 콘텐츠 ‘유리한 거래’ 대비 두배 이상 증가했다. 가수 브라이언과 인테리어 전문 유튜버가 인테리어 팁을 제공하는 ‘재미+전문성’에 집중했다. 주문 고객 중 30~40대 초반 젊은 고객층이 80%를 넘었다는 게 유의미하다. ,  ,  CJ온스타일은 “오랜 기간 축적해온 방송 제작 능력을 기반으로 경쟁력을 강화하고 있다”며 “미디어 시청 및 소비 패턴 변화에 맞춰 유튜브-라이브커머스를 연계한 콘텐츠 커머스를 적극 확대할 것”이라고 전했다.,  NS홈쇼핑 ‘엔라방’은 개그 프로에 커머스를 더한 콘텐츠 커머스에 도전한다. ‘엔라방x개커스’는 개그콘서트 등에서 활동했던 개그맨들이 유머 콘텐츠에 더해 상품을 소개하는 콘텐츠 커머스 방송이다. ‘재미’를 최우선으로 찾는 젊은층 고객에 NS홈쇼핑 브랜드와 상품을 알릴 수 있는 기회로 작용할 수 있다. ,  ,  롯데홈쇼핑은 지난해 11월 초록뱀미디어와 콘텐츠 플랫폼 확장, 콘텐츠 지적재산권(IP) 및 신규 사업에 대한 전략적 파트너십을 맺은 후 예능 콘텐츠를 공동 제작한다. 첫 번째는 뷰티 예층 콘텐츠다. 2030 여성들에게 인기를 모았던 TV 리얼 뷰티쇼 제작진을 섭외해 홈쇼핑 여성 시청률이 가장 높은 뷰티 프로그램 판매 노하우를 접목시킨 ‘랜선뷰티’를 선보인다. 모바일TV 엘라이브에선 춘천 여행상품을 소개하며 가이드가 동행해 안내 투어하는 ‘힐링’ 콘텐츠도 선보인다. ,  ,이커머스 업계에서도 콘텐츠 역량 강화가 이어진다. 여러 콘셉트를 정해 고정적으로 진행하는 라이브 방송 코너를 만든다. TV방송사들이 ‘킬러 콘텐츠’를 만들어 고정 시청자 수를 확보했듯, 모바일 라이브 방송에서도 충성 고객층을 확보하려는 전략이다. ,  ,  티몬은 보다 넓은 범위 소비자층을 라이브방송으로 유입하기 위해 재미와 전문성을 갖춘 콘텐츠를 준비했다. 이달 처음 선보인 ’게임부록‘은 올해 불혹을 맞은 김희철과 김성회·성승헌 3명 MC가 90년대부터 현재까지 게임과 업계 경험담을 나누는 토크쇼다. 콘텐츠 후반부에 자연스럽게 녹아드는 상품을 주로 연계한다는 게 특징이다. ‘만렙에듀’는 상품 소개는 물론 유익한 정보도 함께 전달하는 교육방송으로 학생과 학부모, 자기계발이 필요한 성인들까지 공략한다.,    11번가는 하루에 하루 4~6번 방송을 통해 7개 예능형 콘텐츠를 선보이고 있다. 오프라인 매장을 습격하는 매장 털기 방송 ‘털업’과 신상품 리뷰 방송 ‘찐텐리뷰’ 등 재미·정보에 이어 힐링형 콘텐츠도 확대했다. ‘펫취존중’은 쇼호스트가 반려동물 관련 상품을 소개하면서 자연스럽게 동물들이 스튜디오 안을 돌아다니는 모습을 함께 볼 수 있다. 뷰티·도서·반려동물 등 사용자 취향에 맞춘 고정 코너들을 운영하는 것. ,  ,  업계 관계자는 “모바일 라이브방송에서 콘텐츠 역량이 중요해지면서 PD 인력 쟁탈전도 치열하고 취업하기도 유리한 직군이다”라며 “라이브커머스 초창기엔 무작정 힘을 줘서 경쟁력을 강화하기 쉽지 않았지만 이젠 검증된 시장이다보니 적극적으로 투자하는 추세”라고 말했다. ,
	,
	",https://news.naver.com/main/read.naver?mode=LS2D&mid=shm&sid1=105&sid2=283&oid=138&aid=0002120877,디지털데일리,[라방의 변신上] 소통만 하면 재미 없지…실시간 방송에서 ‘콘텐츠’로
"
        노현섭 기자(hit8129@sedaily.com)
    ",2022.03.17. 오전 10:35,"
	,
	,

,
,
	
	,[서울경제] ,SK㈜ C&C가 클라우드 기반의 디지털 통합 플랫폼을 구현하는 ‘클라우드 온 클라우드(Cloud On Cloud)’형 인공지능(AI)·데이터 매니지드 서비스 생태계 확장에 나선다.,SK C&C는 17일 마이크로소프트 애저(Azure)) 국내 1위 클라우드관리서비스(MSP)기업인 클루커스와 ‘클라우드 온 클라우드형 AI?데이터 매니지드 서비스 공동 사업 협약(MOU)’을 체결했다고 밝혔다.,이번 협약으로 양사는 다양한 AI?데이터 기반 비즈니스 혁신 사업 발굴과 함께 서비스 구축 및 운영 서비스 공동 수행을 추진한다.,이에 따라 △클라우드 온 클라우드형 AI?데이터 매니지드 서비스 기반 산업별 서비스형 소프트웨어(SaaS) 공동 개발 △메타버스?핀테크 등 신기술 분야 기술 협력 △국내외 AI?데이터 서비스 공동 개발 및 운영 등을 진행한다.,클라우드 온 클라우드형 AI?데이터 매니지드 서비스는 AI?빅데이터 분석 플랫폼 ‘아큐인사이트플러스와 데이터 클라우드 솔루션인 ‘스노우플레이크’, 머신러닝 자동화 솔루션인 ‘데이터로봇’ 등의 결합을 통해 선보인 AI?데이터 통합 플랫폼을 갖추고 있다.,제조?금융?유통?공공 영역에서 이미 20 곳 이상의 대형 고객들이 대내외 데이터 수집?적재부터 AI서비스 모델 개발?운영 전 과정에 적용 중이다.,이기열 SK C&C 디지털플랫폼총괄은 “이번 협약으로 양사가 보유한 AI?데이터 기술 및 MSP 서비스 경쟁력을 결집하고, 더 많은 기업들이 보다 효과적으로 AI서비스를 활용할 수 있도록 하겠다” 며 “양사 디지털 전환 전문가들의 밀착 지원을 통해 기업들이 자신만의 디지털 전환 성과를 빠르게 체감할 수 있도록 하겠다”고 말했다.,
	,
	",https://news.naver.com/main/read.naver?mode=LS2D&mid=shm&sid1=105&sid2=732&oid=011&aid=0004030721,서울경제,"SK C&C, 클루커스와  ‘클라우드 온 클라우드 서비스’ 확장 맞손"
"
        임영택 게임진 기자
    ",2022.03.17. 오전 10:41,"
	,
	,

,
,
	
	, ,한빛소프트(대표 이승현)는 모바일 리듬댄스게임 ‘클럽오디션’이 국내 출시 5주년을 맞았다고 17일 밝혔다.,‘클럽오디션’은 지난 2017년 3월 국내 서비스를 시작한 모바일게임이다. 현재까지 국내 시장에서만 구글 플레이 기준 누적 다운로드 400만건 이상을 기록했다. 이용자들의 누적 접속시간도 5억8197만시간, 누적 출석체크는 2132만회에 달한다. 이용자 평점은 출시 이후 꾸준히 5점 만점에 4점 이상을 기록하고 있다.,‘클럽오디션’은 PC온라인 리듬댄스게임 ‘오디션’을 계승한 첫 번째 작품이다. 남녀노소 누구나 쉽게 접근할 수 있는 조작성과 귀여운 캐릭터, 커플모드를 비롯한 각종 콘텐츠를 갖췄다.,한빛소프트는 “멋진 의상 아이템으로 아바타를 개성 있게 꾸미면 다른 이용자들로부터 주목을 받을 수 있다는 점과 ‘팸’을 중심으로 한 커뮤니티 기능이 매력 포인트”라며 “PC버전 ‘오디션’을 즐겼던 이용자뿐만 아니라 신규 이용자들에게도 어필하며 ‘팬덤’을 형성했다”라고 자신했다.,한빛소프트는 ‘클럽오디션’의 글로벌 진출에도 힘을 주고 있다. 현재까지 글로벌 70개국에 ‘클럽오디션’을 서비스해 왔으며 인도 출시도 준비 중이다.,한빛소프트는 이용자 친화적인 서비스로 인기를 지속해나갈 계획이다. 이번 5주년을 맞아 공식 커뮤니티를 통해 이용자들의 건의사항을 청취하는 ‘우리가 만들어요! 클럽오디션’ 이벤트를 진행했으며 신규 콘텐츠 업데이트도 4월 중 선보이는 것을 목표로 준비 중이다.,
	,
	",https://news.naver.com/main/read.naver?mode=LS2D&mid=shm&sid1=105&sid2=229&oid=009&aid=0004935946,매일경제,한빛소프트 ‘클럽오디션’ 출시 5주년…국내서만 400만 이상 즐겼다
"
        세종=정종오 기자 ikokid@inews24.com
    ",2022.03.17. 오전 10:35,"
	,
	,

,
,
	
	한모바이오(대표 윤정인)가 지난 11일 경인지방식품의약품안전청으로부터 첨단바이오의약품 제조업 허가를 취득했다.,2020년 8월부터 시행된 첨단재생의료 및 첨단바이오의약품 안전 및 지원에 관한 법률(첨단재생바이오법)에 따라 첨단바이오의약품을 제조하고자 하는 기업은 첨단바이오의약품 제조업 허가를 취득해야 한다.,한모바이오는 2020년 12월 경기도 군포시에 제1공장을 준공했다. 2021년 11월에 세포치료시설 허가를 득한데 이어 올해 3월에 첨단바이오의약품 제조업에 대한 허가를 취득함에 따라 세포치료제를 향해 또 한 걸음을 내딛게 됐다.,한모바이오는 세포전문바이오기업 한바이오그룹의 계열회사로서 세포배양에 대한 축적된 배양기술을 바탕으로 까다롭다고 알려진 모유두세포(모낭의 뿌리에 해당하는 세포)를 1모로 3만모까지 대량 배양하는데 성공한 바 있다. 관련 기술은 특허로 등록됐다.,
	,
	",https://news.naver.com/main/read.naver?mode=LS2D&mid=shm&sid1=105&sid2=228&oid=031&aid=0000659993,아이뉴스24,"한모바이오, 첨단바이오의약품 제조업 허가 완료"
"
        이정진(transil@yna.co.kr)
    ",2022.03.17. 오전 10:35,"
	,
	,

,
,
	
	,    (서울=연합뉴스) 이정진 기자 = 외교부는 17일 일본 도호쿠 지방에서 전날 밤 발생한 강진과 관련, 현재까지 우리 국민의 인명 피해는 접수되지 않았다고 밝혔다.,    외교부 당국자는 ""주일본대사관, 주센다이총영사관 등 지진 발생 인근 공관은 홈페이지 등에 안전 공지를 게재하는 한편 민단·한인회 등 한인 단체 연락망을 통해 피해 현황을 파악 중""이라면서 이렇게 말했다.,    이 당국자는 ""우리 국민의 지진 피해가 접수되는 경우 필요한 영사조력을 제공할 예정""이라고 덧붙였다.,    일본 기상청에 따르면 전날 밤 11시 36분께 후쿠시마 앞바다에서 규모 7.4의 강진이 발생했다. 현지 공영방송 NHK는 이날 오전 9시까지 후쿠시마현과 미야기현에서 2명이 사망했으며 최소 126명이 부상했다고 보도했다. ,    transil@yna.co.kr,
	,
	",https://news.naver.com/main/read.naver?mode=LS2D&mid=shm&sid1=104&sid2=231&oid=001&aid=0013056306,연합뉴스,"외교부 ""일본 강진에 우리 국민 인명피해 접수 없어"""
"
        워싱턴=윤홍우 특파원(seoulbird@sedaily.com)
    ",2022.03.17. 오전 10:41,"
	,
	,

,
,
	
	,[서울경제] ,캐서린 타이 미국 무역대표부(USTR) 대표가 16일(현지 시각) 한국산 철강의 대미 수출 물량 제한 문제에 대한 협상 착수에 부정적인 입장을 재차 피력했다. 한국은 이미 쿼터제 안에서 면세 혜택을 받고 있는 만큼 추가 협상이 시급하지 않다는 것이다.,타이 대표는 이날 미시간주 SK실트론CSS 공장 증설 현장을 찾은 자리에서 '한국과 철강 문제에 대해 협상을 할 계획이 있느냐'는 취지의 질문에 ""철강과 알루미늄 수입 관세 조치의 혜택 측면에서 한국은 실제로 관세 혜택을 확보한 최초의 국가 중 하나였다는 점을 강조하고 싶다""고 말했다.,그는 대미 철강 수출량을 제한한 것과 관련해 ""쿼터제는 이미 한국으로부터의 면세 수입을 허용하고 있고, 이는 대부분의 우리 무역 파트너들에는 해당하지 않는다""고 말했다. 한국이 실제로 이미 다른 많은 국가보다 더 나은 위치에서 혜택을 받고 있다는 점을 강조하면서 사실상 한국 측의 추가 협상 요구를 완곡히 거절한 것으로 해석된다.,타이 대표는 우크라이나를 침공한 러시아에 대해 세계무역기구(WTO) 최혜국 대우 철폐를 한국 측에 요청하겠느냐는 질문에 대해서는 유럽과 캐나다 등을 거론하며 ""우리는 같은 조치를 하는 것은 물론 어떻게 조율하고 있는지도 모두 함께 보고 있다""고 언급했다.,그러면서 ""모든 정부가 비용 편익을 통해 생각해야 한다고 보지만 수십 년간 한국과 맺어온 강력한 동맹 때문에, 또 코러스(FTA)라는 우리의 경제 협력의 기둥에 미뤄 볼 때 한국과 어려운 대화를 하면서도 최선을 다해 조율할 수 있는 도구가 있다고 믿는다""고 강조했다. 이는 서방의 대러시아 제재에 한국도 동참해 달라는 뜻을 우회적으로 전달한 것으로 풀이된다.,
	,
	",https://news.naver.com/main/read.naver?mode=LS2D&mid=shm&sid1=104&sid2=232&oid=011&aid=0004030730,서울경제,"美 USTR 대표 ""韓 철강 이미 혜택 받고 있어""…재협상에 선 그어"
"
        최수호(suho@yna.co.kr)
    ",2022.03.17. 오전 10:43,"
	,
	,

,
,
	
	,    (서울=연합뉴스) 최수호 기자 = 우크라이나 남부 해안 도시에 대한 집중 공격을 퍼붓고 있는 러시아가 어린이를 포함한 수백명의 민간인이 대피한 마리우폴의 한 극장을 폭격했다고 16일(현지시간) BBC방송과 뉴욕타임스(NYT) 등이 보도했다.,    보도에 따르면 마리우폴이 있는 도네츠크주 고위 관리는 폭격을 당한 극장 건물에는 러시아군 공격을 피해 들어온 마리우폴 시민 수백명이 머물고 있었다고 밝혔다.,    세르히이 오를로프 마리우폴 부시장은 BBC에 1천∼1천200명의 시민이 이 건물로 대피했다고 전했다.,    지난 10일 우크라이나 극우민족주의 의용대인 '아조우(아조프) 부대'는 어린아이와 그 가족들로 가득 차 있는 이 극장 건물 내부 모습을 담은 영상을 공개한 바 있다. 영상에서는 아기울음 소리도 들린다. ,    미국 상업위성 업체 맥사(Maxar)가 14일 촬영한 사진에는 건물 앞과 뒤쪽 2곳에 러시아어로 '어린이들'(дети)을 뜻하는 단어가 흰색으로 크게 적혀 있다.,    이는 러시아군의 공습을 막기 위해 극장 건물에 어린이들이 있다는 사실을 알리려 한 것으로 보인다.,    그러나 이날 공습으로 극장 건물 양쪽 벽과 지붕 대부분이 무너지는 큰 피해가 발생했다. 사상자 수는 아직 알려지지 않았다.,    마리우폴 시의회는 성명에서 러시아군의 극장 건물 폭격을 규탄하며 ""러시아군 비행기가 평화적인 마리우폴 시민 수백명이 숨어있던 건물에 폭탄을 떨어뜨렸다""고 비난했다.,    그러나 러시아 국방부는 이러한 사실이 알려지자 공습을 부인하고 있다고 외신은 전했다.,    우크라이나 침공을 감행한 러시아군은 2014년 강제 병합한 크림반도와 친러 분리주의 반군이 장악한 동부 '돈바스' 지역을 연결하는 전략적 요충지인 마리우폴을 점령하기 위해 2주 넘게 이곳을 포위한 채 집중 포격을 가하고 있다.,    이런 까닭에 최근까지 군사시설뿐만 아니라 병원과 교회, 아파트 건물 등 민간건물도 무차별 공습 피해를 봤다.,    마리우폴 당국은 전쟁 발발 후 지금까지 최소 2천400명이 숨진 것으로 보고 있으며, 시신 대부분은 공동묘지에 묻고 있는 것으로 전해졌다.,    또 계속된 러시아군 포격으로 30만명가량의 시민이 수도와 전기, 가스 공급이 차단된 채 폐허로 변한 도시에 갇혀있다.,    이런 와중에도 마리우폴을 빠져나오려는 차량 대피 행렬이 이어지고 있지만, 러시아군 공격으로 어린이를 포함한 일부 부상자가 발생했다고 BBC는 보도했다.,    suho@yna.co.kr,
	,
	",https://news.naver.com/main/read.naver?mode=LS2D&mid=shm&sid1=104&sid2=233&oid=001&aid=0013056346,연합뉴스,[우크라 침공] '아이들' 표식에도…수백명 대피 마리우폴 극장 폭격당해
"
        장재은(jangje@yna.co.kr)
    ",2022.03.17. 오전 10:18,"
	,
	,

,
,
	
	,    (서울=연합뉴스) 장재은 기자 = 미국 정부가 이란핵합의(JCOPA·포괄적 공동행동계획) 복원 협상이 타결에 가까워졌다고 밝혔다. ,    네드 프라이스 미국 국무부 대변인은 16일(현지시간) 브리핑에서 ""합의에 근접했지만 아직 도달한 것은 아니다""고 말했다. ,    이어 ""남은 이견도 해소될 것이라고 본다""며 ""협상이 매우 예민한 단계""라고 덧붙였다. ,    AFP통신은 남은 문제가 향후 미국의 핵합의 재(再)파기에 대비한 안전장치와 이란혁명수비대에 대한 제재 해제라고 보도했다.,    이란은 도널드 트럼프 전 미국 대통령처럼 미국 새 행정부가 이란 핵합의에서 다시 탈퇴할 가능성을 우려한다. ,    그 때문에 이란은 미국 정부가 또다시 일방적으로 핵합의를 번복했을 때 입을 피해를 최소화하기 위한 '경제적 보장'을 요구하는 것으로 전해졌다.,    이란은 2018년 5월 트럼프 행정부가 핵합의를 파기하고 제재를 복원하자 이에 따른 손해를 배상해야 한다고 일관되게 요구했다.,    이란은 또 자국 내 강력한 군사, 정치, 경제집단인 이란혁명수비대를 미국이 외국 테러조직(FTO) 명단에서 삭제할 것을 요구하고 있다. ,    FTO로 지정된 단체와 거래하는 기업이나 개인은 미국에서 처벌을 받는다.,    그 때문에 이란혁명수비대가 계속 FTO로 지정돼 있으면 이란 핵합의가 복원되더라도 운신의 폭이 크게 넓어지지 않는다.,    미국 정부는 혁명수비대가 중동 내 친이란 무장조직의 '테러 행위'를 지원하고 때로는 지휘한다고 의심한다. ,    미국 매체 악시오스는 미국 정부가 혁명수비대를 FTO에서 빼는 방안을 저울질하고 있다고 보도했다. ,    악시오스는 ""조 바이든 미국 대통령에게 뜨거운 감자""라며 ""실행된다면 공화당뿐만 아니라 다수 민주당 상원의원들도 반발할 것""이라고 설명했다. ,    최근 이란핵합의 복원 협상은 당사국 중 하나인 러시아의 반발 때문에 위기를 겪었다. ,    러시아가 우크라이나 침공에 따른 서방제재 때문에 핵합의가 복원돼도 이란과 거래할 수 없다며 대러시아 제재에서 예외로 인정해야 한다고 요구했기 때문이다. ,    그러나 세르게이 라브로프 러시아 외무부 장관은 전날 미국 정부에서 서면 보장을 받았다며 기존 입장에서 물러서는 모습을 보였다. ,    싱크탱크 유라시아그룹의 애널리스트 헨리 롬은 AFP통신에 ""남은 문제가 극복 불가능한 것은 아닐 것""이라고 말했다. ,    그는 ""미국과 이란이 둘 다 합의를 원한다""며 ""이란은 러시아를 설득해 대결국면에서 물러나도록 외교력을 쓰기도 했다""고 설명했다. ,    이란 핵합의는 이란이 핵프로그램을 동결·축소하는 대신 서방이 경제제재 일부를 해제하는 내용을 골자로 2015년 버락 오바마 미국 행정부의 주도로 체결됐다. ,    이란과 상대 당사국인 영국, 프랑스, 독일, 러시아, 중국은 트럼프 행정부의 탈퇴, 제재 복원으로 어그러진 협상을 복원하려고 작년 4월부터 재협상을 벌여왔다. 미국은 유럽을 앞세워 간접적으로 참여했다.,    jangje@yna.co.kr,
	,
	",https://news.naver.com/main/read.naver?mode=LS2D&mid=shm&sid1=104&sid2=234&oid=001&aid=0013056175,연합뉴스,"미 국무부 ""이란핵합의 복원 협상 타결 가까워졌다"""
"
        송주상 기자 sjs@chosun.com
    ",2022.03.17. 오전 10:43,"
	,
	,

,
,
	
	,										우크라이나 침공을 결정한 블라디미르 푸틴 러시아 대통령에 대한 비난이 거세지는 가운데 그를 목성에 보내자는 제안이 등장했다. 다소 황당한 제안이지만, 200만달러 넘는 돈이 모였다.,미하일로 페도로프 우크라이나 부총리 겸 디지털혁신부 장관은 지난 14일 푸틴 대통령에게 ‘한판 붙자’라고 제안한 일론 머스크 테슬라 CEO의 트윗을 인용하며 “머스크는 실제로 푸틴을 목성으로 보낼 수 있다”고 했다. 그러면서 ‘푸틴 목성 보내기’ 사이트를 공유했다.,이 사이트는 푸틴을 목성으로 보내기 위한 기부금을 받는다. 사이트 설명란을 보면 “피비린내 나는 독재자 푸틴을 로켓에 태워 멀리 보냅시다”라고 나왔다. 많은 천체(天體) 중 목성을 선택한 이유에 관해서는 “태양계에서 가장 크고 가스(기체)로 이뤄졌기 때문”이라고 설명했다. 목표 모금액은 1억달러다.,실제로 이행하기 힘든 제안이지만, 약 2주 만에 212만달러(약 26억원)이 모였다. 기부한 이들의 목적은 푸틴을 목성으로 보내는 것이 아니라, 우크라이나를 돕는 것이다. 이 사이트의 개설자는 우크라이나 정부다. 사이트 하단에는 우크라이나 디지털혁신부 로고가 있고, 기부금은 디지털혁신부가 만든 디아(전자정부 플랫폼)를 바탕으로 관리된다.,기부금은 푸틴을 목성으로 보내지 못한다면 우크라이나를 돕는 데 사용된다. 사이트 상단에는 “이 모금은 우크라이나군을 돕고 우크라이나의 파괴된 곳을 재건하는 데 쓰인다”고 적혀있다.,우크라이나 정부는 러시아의 침공 직후 국제사회에 도움을 요청했고 비트코인, 이더리움, 폴카닷 등 암호화폐로도 기부를 받고 있다. 이에 출처가 확인되지 않는 수상한 기부처가 등장하기도 했다. 현지 정부는 트위터에 정기적으로 국방부, 디지털변환부 등 공식 기부처를 소개하고 있다.,
	,
	",https://news.naver.com/main/read.naver?mode=LS2D&mid=shm&sid1=104&sid2=322&oid=023&aid=0003679323,조선일보,“이렇게 된 이상 푸틴 목성으로 보낸다” 황당 제안에 26억 모였다
